TestId,ID,Date,Time,Name,Segment,Position,Type,Excluded,Tags,System Weight,Jump Height,Jump Momentum,Countermovement Depth,Braking RFD,Stiffness,Force at Min Displacement,Avg. Braking Force,Avg. Relative Braking Force,Peak Braking Force,Peak Relative Braking Force,Avg. Propulsive Force,Avg. Relative Propulsive Force,Peak Propulsive Force,Peak Relative Propulsive Force,Unweighting Phase,Unweighting Phase %,Braking Phase,Braking Phase %,Propulsive Phase,Propulsive Phase %,Flight Time,Time To Takeoff,Braking Net Impulse,Propulsive Net Impulse,Positive Impulse,Positive Net Impulse,Impulse Ratio,Avg. Braking Velocity,Avg. Propulsive Velocity,Takeoff Velocity,Peak Velocity,Avg. Braking Power,Avg. Relative Braking Power,Peak Braking Power,Peak Relative Braking Power,Avg. Propulsive Power,Avg. Relative Propulsive Power,Peak Relative Propulsive Power,Peak Propulsive Power,L|R Peak Braking Force,Left Force at Peak Braking Force,Right Force at Peak Braking Force,L|R Avg. Braking Force,Left Avg. Braking Force,Right Avg. Braking Force,L|R Peak Propulsive Force,Left Force at Peak Propulsive Force,Right Force at Peak Propulsive Force,L|R Avg. Propulsive Force,Left Avg. Propulsive Force,Right Avg. Propulsive Force,L|R Avg. Braking RFD,Left Avg. Braking RFD,Right Avg. Braking RFD,L|R Braking Impulse Index,L|R Propulsive Impulse Index,Time to Stabilization,Landing Stiffness,Peak Landing Force,Avg. Landing Force,Relative Peak Landing Force,L|R Peak Landing Force,Left Force at Peak Landing Force,Right Force at Peak Landing Force,L|R Avg. Landing Force,Left Avg. Landing Force,Right Avg. Landing Force,L|R Landing Impulse Index,RSI,mRSI,Braking Impulse,Relative Braking Impulse,Relative Braking Net Impulse,Propulsive Impulse,Relative Propulsive Impulse,Relative Propulsive Net Impulse
cA5rIq4cmNwKMNewQ1qn,,8/25/21,10:38:59,x,,,Countermovement Jump,,,785.1211,0.5227,256.3121,-0.3038,8951.6129,-6234.0941,1894,1289.7581,164.275,1886,240.2177,1916.37,244.0859,2204,280.721,0.964,73.308,0.124,9.4297,0.227,17.2624,0.644,1.315,62.0251,256.6081,592.6405,318.6332,4.1372,-0.5409,1.8394,3.2026,3.2782,-622.5442,-7.7786,-783.0257,-9.7838,3257.6526,40.704,71.3733,5712.2006,-9.0138,858,1028,-9.7905,581.7419,708.0161,-2.4501,1075,1129,-3.8868,920.9427,995.4273,-10.0901,4024.1935,4927.4194,-17.8524,-7.446,740,-18038.5351,5794,1129.7554,737.9753,-11.9089,2552,3242,-16.8873,469.4851,660.2703,-28.8859,0.4897,0.3975,158.595,1.9816,0.775,434.0455,5.4233,3.2063
Nh1xLdeBe0fe3uOQLPqp,,8/25/21,10:38:48,x,,,Countermovement Jump,,,784.7197,0.5631,265.8702,-0.0965,7892.4731,-15746.8389,1519,1089.4624,138.8346,1509,192.298,1854.1044,236.276,2194,279.5903,0.571,62.5411,0.093,10.1862,0.249,27.2727,0.627,0.913,27.9788,266.2755,561.059,294.2543,9.5171,-0.249,1.7908,3.3237,3.3969,-249.512,-3.1192,-308.8221,-3.8607,3184.8407,39.8146,75.4807,6037.8393,-10.0066,679,830,-13.7742,469.6989,619.7634,0.0912,1098,1096,-1.6787,911.49,942.6145,-6.812,3677.4194,4215.0538,-24.2641,-3.2651,1030,6067.5827,4977,1024.4602,634.2392,-27.7075,1799,3178,-9.6822,462.635,561.8252,-17.6653,0.6867,0.6167,100.173,1.2523,0.3498,460.886,5.7617,3.3288
haz0MOTYjaRRaOlxI9Kl,,8/25/21,10:38:34,x,,,Countermovement Jump,,,782.5175,0.4803,244.8701,-0.269,5675.6757,-6029.8516,1622,1147.3041,146.617,1615,206.3852,1897.6636,242.5075,2264,289.3226,0.68,64.8855,0.148,14.1221,0.22,20.9924,0.622,1.048,53.5724,245.2737,585.2475,298.8461,4.5784,-0.4765,1.6946,3.0698,3.1414,-496.7131,-6.227,-621.2203,-7.7879,3039.7611,38.1078,70.8319,5650.0711,-13.808,696,919,-16.4622,479.2162,668.0878,-2.7385,1101,1163,-4.5721,905.45,992.2136,-15.9524,2385.1351,3290.5405,-28.307,-8.6994,690,-12866.0993,5532,1146.3928,706.949,-14.1721,2374,3158,9.8114,629.4348,516.958,17.8666,0.5935,0.4583,168.6025,2.1137,0.6716,416.645,5.2233,3.0749
qgiKtNHXbKHba1lWQUdT,,8/25/21,8:40:15,xx,,,Countermovement Jump,,,1036.6306,0.3266,267.4983,-0.3066,5978.1421,-6942.133,2128,1744.2514,168.2616,2138,206.2451,1981.0669,191.1063,2405,232.0016,0.36,43.5308,0.183,22.1282,0.284,34.341,0.508,0.827,128.9492,268.174,879.1565,397.1233,2.0797,-0.7683,1.4484,2.5314,2.6601,-1231.4814,-11.6539,-1688.8852,-15.9825,2698.1733,25.5338,49.2438,5203.6373,1.4032,1084,1054,2.0232,889.7705,854.4809,-2.869,1168,1237,-2.3207,967.5458,1013.5211,1.8282,3043.7158,2934.4262,3.9662,-4.5419,540,-18399.1189,4177,1523.1519,402.9401,-5.2909,1978,2199,-4.6288,726.3241,796.8278,-8.8233,0.6143,0.3949,317.616,3.0057,1.2203,561.5405,5.3141,2.5378
4DCe4Iw4LOlA2bHXdoKt,,8/25/21,8:39:46,xx,,,Countermovement Jump,,,1035.8839,0.3343,270.4505,-0.3294,6455.0265,-6845.5921,2255,1664.6667,160.7001,2260,218.1712,1956.2305,188.8465,2293,221.3569,0.402,45.3725,0.189,21.3318,0.295,33.2957,0.517,0.886,118.2298,271.3946,888.9205,389.6245,2.2955,-0.7846,1.4573,2.5612,2.6753,-1169.8002,-11.0782,-1533.4372,-14.5219,2688.0823,25.4566,48.578,5129.5747,-2.4779,1102,1158,-5.9004,783.2222,881.4444,-0.6542,1139,1154,-0.3625,974.5695,981.661,12.2951,3624.3386,2830.6878,-11.12,-0.7185,810,-26581.208,5349,1369.9086,516.3706,4.6177,2798,2551,29.5355,887.2593,482.6494,45.6087,0.5835,0.3774,312.976,2.9639,1.1197,575.9445,5.4543,2.5702
YurbIecCLhTMq65vBo1W,,8/25/21,8:39:36,xx,,,Countermovement Jump,,,1035.2543,0.347,275.343,-0.3211,5463.5417,-6492.8737,2085,1698.0156,164.0192,2179,210.4797,1986.4227,191.8778,2327,224.7757,0.389,44.6101,0.192,22.0183,0.291,33.3716,0.532,0.872,126.7229,276.7588,901.439,403.4817,2.184,-0.8079,1.4629,2.6091,2.7158,-1241.8952,-11.7681,-1622.7434,-15.377,2753.3891,26.0909,50.0567,5282.5079,1.6062,1107,1072,-1.0978,839.6875,858.3281,-1.2462,1149,1178,2.1,1014.0687,972.354,16.1106,3171.875,2291.6667,-2.1896,4.1036,960,-21271.2321,5019,1325.2458,484.8084,-21.8171,1962,3057,6.199,703.699,621.5469,11.678,0.6101,0.3979,324.4565,3.0745,1.2008,576.9825,5.4674,2.6225
sG90dzLcIJlJVtkyav18,,8/25/21,10:20:27,xxx,,,Countermovement Jump,,,1196.7618,0.2888,290.3951,-0.286,8380.117,-9198.3208,2631,1771.6374,148.0359,2625,219.3419,2303.9163,192.5125,2739,228.8676,0.47,51.9912,0.171,18.9159,0.263,29.0929,0.484,0.904,97.589,291.0459,905.636,388.6349,2.9824,-0.576,1.512,2.3804,2.5262,-921.9149,-7.557,-1120.8414,-9.1877,3129.0266,25.649,44.157,5386.8953,1.3333,1330,1295,1.5369,899.4327,872.2047,1.5699,1391,1348,1.6801,1171.3118,1132.6046,1.0468,4233.9181,4146.1988,3.0285,3.3017,740,-16408.7901,5063,1593.6108,423.0583,-8.1967,2324,2739,6.3293,847.2378,746.373,11.8981,0.5354,0.3195,301.0385,2.4676,0.7999,604.5975,4.956,2.3857
x6DhIjrxSBr6qkqjEIZR,,8/25/21,10:20:10,xxx,,,Countermovement Jump,,,1196.3153,0.2987,295.1874,-0.2664,9236.3636,-10203.5581,2719,1794.6061,150.0111,2714,226.8633,2374.5873,198.4918,2848,238.0643,0.41,49.5768,0.165,19.9516,0.252,30.4716,0.483,0.827,97.9598,296.7449,891.1755,394.7046,3.0293,-0.5958,1.542,2.4206,2.5682,-960.5195,-7.8764,-1136.1036,-9.3163,3268.0682,26.7987,45.7071,5573.916,2.3581,1389,1325,6.0167,951.2909,843.3152,2.0365,1453,1395,1.7176,1207.6865,1166.9008,-4.0682,4430.303,4806.0606,11.3638,3.3709,1050,-26526.0694,6518,1470.261,544.8396,11.8748,3646,2872,9.1386,802.3114,667.9495,16.7472,0.584,0.3611,294.1555,2.4121,0.8033,597.02,4.8957,2.4334
fC6We1WNUFddiscPLVcI,,8/25/21,10:20:00,xxx,,,Countermovement Jump,,,1197.3473,0.2776,284.8205,-0.2624,7957.3171,-9538.8752,2502,1627.0427,135.8873,2493,208.2103,2307.3643,192.7063,2767,231.0942,0.586,58.1349,0.164,16.2698,0.258,25.5952,0.471,1.008,69.8224,286.3137,859.022,356.1361,4.1006,-0.4448,1.499,2.3336,2.5102,-660.0165,-5.4076,-772.784,-6.3315,3088.2406,25.3023,44.9493,5486.232,6.2174,1324,1169,9.7907,893.1707,733.872,2.06,1412,1355,0.7038,1161.8023,1145.562,2.2222,4067.0732,3890.2439,17.8606,1.3855,760,-19619.5448,6119,1572.6382,511.0464,-12.4367,2679,3440,-23.8991,598.3961,974.2421,-38.6062,0.4673,0.2753,264.99,2.1711,0.5721,594.032,4.867,2.3458
9PDjYQdhU8mxCCCT3yop,Isabella,8/25/21,11:04:03,a,,,Countermovement Jump,,,1304.7247,0.2563,298.1927,-0.2304,11821.6561,-13711.8935,3158,2096.7643,160.7055,3147,241.2003,2571.3051,197.0764,3291,252.2371,0.495,55.7432,0.157,17.6802,0.236,26.5766,0.467,0.888,123.4304,298.6262,932.204,422.0566,2.4194,-0.6665,1.5356,2.2421,2.4574,-1240.2983,-9.3256,-1554.2759,-11.6863,3426.0859,25.7601,44.7034,5945.5317,9.1198,1717,1430,6.05,1111.8089,984.9554,7.5661,1770,1521,4.8333,1347.7924,1223.5127,18.4267,7000,4821.6561,11.42,9.2049,840,-98131.8975,9648,1666.0679,739.4663,-2.2803,4714,4934,1.4299,844.9452,821.1226,2.8199,0.5259,0.2885,326.9675,2.4584,0.9281,605.2365,4.5507,2.2453
kbrXbbFm58LGk0Bw8Q2W,,8/25/21,11:03:54,a,,,Countermovement Jump,,,1305.7057,0.223,278.3838,-0.2296,10418.1818,-13181.2401,3026,1953.7818,149.6342,3016,230.9862,2503.735,191.7534,3189,244.2357,0.369,48.0469,0.165,21.4844,0.234,30.4688,0.444,0.768,106.0768,280.1181,904.56,386.1948,2.6407,-0.5875,1.4511,2.0915,2.3191,-1033.7702,-7.7669,-1227.7477,-9.2243,3144.592,23.6259,41.8588,5571.3816,3.7135,1564,1452,4.8242,1024.0182,929.7636,3.2926,1647,1542,1.5215,1270.9145,1232.8205,6.3409,5539.3939,4878.7879,9.2304,2.9906,620,-40460.4077,8652,1767.1516,662.6302,1.6412,4397,4255,-7.4669,817.6,949.5516,-13.9148,0.5781,0.2903,320.2125,2.4058,0.797,584.3475,4.3903,2.1046
gFnV4nUYSm5XD76VMowQ,,8/25/21,11:03:38,a,,,Countermovement Jump,,,1304.0721,0.174,245.7056,-0.1123,15587.7193,-27504.5952,3085,1915.0439,146.8511,3046,233.576,2734.5087,209.69,4104,314.7065,0.439,60.4683,0.114,15.7025,0.173,23.8292,0.382,0.726,68.7779,247.2136,687.652,315.9915,3.5944,-0.3802,1.3742,1.8483,2.0859,-660.9866,-4.9723,-795.6677,-5.9855,3111.4792,23.4064,43.4357,5774.0386,11.2935,1695,1351,7.191,1026.3772,888.6667,8.2846,2222,1882,5.8232,1446.8728,1287.6358,11.6488,8701.7544,6885.9649,13.3475,10.9789,530,-119580.4711,7463,1777.2642,572.2843,-13.8952,3213,4250,-30.2477,619.8415,1157.4226,-46.4594,0.5262,0.2398,216.138,1.6259,0.5174,471.514,3.547,1.8597
n22wnd9MlzKnPRlniZJ2,,8/25/21,9:16:17,aa,,,Countermovement Jump,,,788.8388,0.4539,239.9365,-0.3287,5532.2581,-5527.3396,1817,1214.7204,153.9884,1817,230.3386,1743.3214,220.9984,1949,247.072,0.439,50.057,0.186,21.2087,0.252,28.7343,0.599,0.877,78.7003,240.388,663.022,319.0883,3.0545,-0.7103,1.6898,2.9839,3.0718,-771.1759,-9.5903,-899.9506,-11.1918,2758.1037,34.2998,63.4528,5102.3513,7.2097,974,843,-0.9861,601.371,613.3495,0.4618,979,970,3.513,902.2817,841.0397,18.3673,3274.1935,2258.0645,-1.9969,6.7637,680,-18703.3415,4689,1136.6794,594.418,13.9262,2671,2018,21.1002,688.2603,448.4191,34.8501,0.683,0.5174,224.6355,2.7936,0.9787,438.3865,5.4518,2.9895
YmObv6WQQdhN4ooc2cfZ,,8/25/21,9:16:05,aa,,,Countermovement Jump,,,788.4404,0.444,237.2521,-0.3368,2211.838,-4448.7684,1498,994.8193,126.1756,1494,189.488,1661.1868,210.6927,2028,257.2166,0.44,42.5532,0.321,31.0445,0.273,26.4023,0.598,1.034,65.8951,238.2862,770.938,304.1813,3.6161,-0.5945,1.5486,2.952,3.0443,-555.3293,-6.9096,-699.159,-8.6991,2507.9463,31.2046,64.9588,5220.8126,2.8112,768,726,-3.9892,477.567,517.2523,-0.789,1006,1022,-1.1691,820.8828,840.304,21.6901,1345.7944,866.0436,-7.6785,-2.3185,1350,-10741.6793,4187,967.0993,531.0484,-13.1598,1818,2369,-18.5911,393.6526,573.4467,-31.3644,0.5783,0.4295,318.196,3.9591,0.8199,452.742,5.6331,2.9648
G4WsxKscvxr7iOUo5ClX,,8/25/21,9:15:55,aa,,,Countermovement Jump,,,786.9279,0.4209,230.5558,-0.3025,2320.6107,-4606.954,1394,1041.5076,132.3511,1389,176.5092,1663.1667,211.3493,2020,256.6944,0.372,41.4254,0.262,29.1759,0.264,29.3987,0.577,0.898,66.3993,231.3965,710.146,297.7958,3.4849,-0.5612,1.5043,2.8742,2.9634,-548.6932,-6.8401,-725.5353,-9.0447,2442.9983,30.4549,62.3522,5001.7042,-0.7919,689,700,-1.0888,515.084,526.4237,-1.6832,993,1027,0.5102,835.8258,827.3409,0.9868,1171.7557,1148.855,-2.1522,1.0057,930,-9629.4401,4170,1033.5957,529.9088,-4.7962,1985,2185,4.0468,537.7118,495.8839,7.7803,0.6425,0.4689,271.7875,3.3882,0.8277,438.3585,5.4647,2.8846
T1HyUFRahgAgGg9Bpgk2,,8/25/21,8:13:40,b,,,Countermovement Jump,,,1098.6466,0.35,293.5206,-0.3566,6080.6452,-6249.7917,2228,1703.414,155.0466,2225,202.5219,2030.4747,184.816,2289,208.3472,0.393,43.9106,0.186,20.7821,0.316,35.3073,0.524,0.895,111.9244,294.4268,955.6745,406.3512,2.6306,-0.6892,1.5485,2.6209,2.7605,-1063.0042,-9.4917,-1394.0831,-12.448,2922.9183,26.0992,49.1045,5499.3348,-0.1348,1111,1114,-0.1891,850.0968,853.3172,0.6553,1152,1137,0.4819,1020.1297,1010.3449,-2.0336,2978.4946,3102.1505,-0.3851,0.9567,1150,-22671.6246,3433,1348.947,312.4754,-5.7384,1618,1815,-9.4198,610.9391,738.0078,-17.213,0.5855,0.3912,315.174,2.8142,0.9994,640.5005,5.7191,2.629
6prYveHuVDYjrkrOQzFy,Rosie,8/25/21,8:13:06,b,,,Countermovement Jump,,,1100.2042,0.3475,292.7781,-0.4488,2588.3978,-4539.236,2037,1369.7762,124.502,2036,185.0566,1855.5219,168.6525,2145,194.9638,0.511,40.4913,0.362,28.6846,0.389,30.8241,0.526,1.262,97.1173,293.8823,1215.0525,390.9996,3.0261,-0.679,1.4913,2.6106,2.7604,-865.4897,-7.7172,-1001.2725,-8.9279,2626.7202,23.4212,46.9652,5267.2051,1.1788,1030,1006,2.0435,698.884,670.8923,-1.6317,1055,1090,3.2635,958.0386,897.4833,8.0043,1397.7901,1190.6077,4.0227,6.3185,1300,-30003.6525,3717,1321.9908,337.8464,-8.7436,1696,2021,15.3402,762.3931,559.5977,26.6151,0.4168,0.2752,494.291,4.4074,0.8659,720.7615,6.4267,2.6204
YmNDVrGXjbPDIzQCazTi,,8/25/21,8:12:50,b,,,Countermovement Jump,,,1097.3363,0.4008,313.7143,-0.3208,2088.3055,-6148.6796,1972,1249.9117,113.9042,1965,179.07,1926.1105,175.526,2142,195.2,0.94,54.0541,0.419,24.0943,0.38,21.8516,0.565,1.739,63.4954,315.0305,1253.103,378.5259,4.9615,-0.4604,1.6197,2.8046,2.9426,-549.7094,-4.9143,-644.5464,-5.7621,2938.9973,26.2741,50.4226,5640.2147,4.4275,1026,939,4.6306,653.895,596.0167,-0.1867,1069,1073,-0.3211,959.9632,966.1474,6.9714,1116.9451,971.3604,8.8565,-0.6527,1230,-108185.4979,4672,1358.0057,425.7583,-4.7517,2225,2447,-15.2053,575.7585,782.2472,-26.4112,0.3249,0.2305,522.182,4.6682,0.5676,730.921,6.5343,2.8163
RgFN2QwzcQZxfV3dI9G5,,8/25/21,7:59:07,bb,,,Countermovement Jump,,,1075.3283,0.2499,242.7901,-0.3145,5078.534,-6503.9669,2045,1620.1466,150.6653,2045,190.1745,1900.4847,176.7353,2170,201.7988,0.402,45.2703,0.191,21.509,0.295,33.2207,0.448,0.888,103.5756,243.461,867.4955,347.0366,2.3506,-0.6327,1.3182,2.2149,2.3666,-939.4357,-8.5703,-1247.8209,-11.3836,2332.9309,21.2829,40.651,4455.9774,8.8509,1113,932,5.8711,857.6335,762.5131,-1.3825,1070,1100,0.0237,950.4678,950.0169,28.6598,3267.0157,1811.5183,11.1198,0.0248,1500,-5102.7137,4281,1227.922,398.111,-9.2735,1942,2339,-3.2614,593.9373,633.9847,-6.3123,0.5045,0.2816,307.888,2.8088,0.9449,559.6075,5.1052,2.221
7XvMectCwPeeJRH2wpu0,,8/25/21,7:58:58,bb,,,Countermovement Jump,,,1073.5856,0.2469,240.7989,-0.3589,4179.3722,-5586.7248,2005,1579.5381,147.1274,2012,187.4094,1779.3216,165.7364,2077,193.4638,0.341,37.638,0.223,24.6137,0.342,37.7483,0.454,0.906,112.3615,241.4148,958.205,353.7763,2.1486,-0.694,1.2757,2.2003,2.3414,-1006.0244,-9.1927,-1276.6437,-11.6655,2147.5349,19.6233,39.2597,4296.4932,2.0875,1027,985,1.7934,803.9327,775.6054,2.9369,1069,1008,2.8449,914.9708,864.3509,12.8755,2358.7444,1820.6278,3.5484,5.531,1290,-5978.6359,4636,1268.8814,431.824,-11.0009,2063,2573,-4.19,607.8574,661.024,-8.0477,0.5011,0.2724,350.6975,3.2045,1.0267,607.5075,5.5512,2.206
tKkSGtdMPmn54yHhxMf1,,8/25/21,7:58:47,bb,,,Countermovement Jump,,,1073.99,0.2756,254.6177,-0.3485,4457.7778,-5958.7316,2076,1531.6533,142.6134,2075,193.2048,1891.099,176.0816,2155,200.6536,0.38,41.3943,0.225,24.5098,0.313,34.0959,0.481,0.918,102.4742,255.7761,933.909,358.2504,2.496,-0.6717,1.3768,2.3257,2.4752,-939.1779,-8.5786,-1168.0884,-10.6695,2428.5663,22.1829,42.6577,4670.122,-1.012,1027,1048,-2.7062,745.1022,786.5511,-1.2529,1064,1091,-2.4169,922.6965,968.4026,11.2662,2480,1977.7778,-5.249,-4.7192,1110,-6403.838,4535,1311.0162,422.2572,-25.0276,1700,2835,-9.4821,593.3523,717.664,-17.332,0.524,0.3003,343.048,3.1335,0.936,590.861,5.397,2.3363
HccTco5ohZbz5Bdy6OJd,,8/25/21,8:57:56,c,,,Countermovement Jump,,,895.3113,0.4559,272.9845,-0.4318,6181.3953,-5162.2311,2229,1521.8605,169.9812,2226,248.6286,1772.2556,197.9485,2235,249.6338,0.298,36.0775,0.215,26.0291,0.313,37.8935,0.605,0.826,134.0404,274.2484,879.2225,408.2888,2.046,-0.9932,1.733,2.9911,3.1134,-1358.9138,-14.8897,-1719.5174,-18.8409,2860.1561,31.339,62.0924,5666.8724,0.7188,1121,1105,-7.0202,707.5116,814.3488,0.9396,1128,1107,3.0401,913.0671,859.1885,11.3619,3441.8605,2739.5349,-13.1465,5.8981,1550,-4350.4581,3812,1077.7665,425.7737,39.8741,2666,1146,15.3699,621.709,456.0574,26.6551,0.7324,0.5521,325.637,3.568,1.4687,553.5855,6.0657,3.005
zHUfHJnkA9LVre95ERgn,Dylan,8/25/21,8:57:43,c,,,Countermovement Jump,,,895.8328,0.4651,275.8117,-0.4689,8132.9787,-5166.187,2423,1686.8298,188.2974,2423,270.4746,1799.2736,200.8493,2423,270.4746,0.319,39.1892,0.188,23.0958,0.307,37.715,0.613,0.814,147.9453,277.0247,866.6155,424.9699,1.8725,-1.1175,1.7809,3.0203,3.1293,-1654.7201,-18.1203,-2106.8459,-23.0714,2956.4286,32.375,62.8003,5734.8183,2.1048,1237,1186,3.5891,873.6862,813.1436,2.1874,1238,1185,1.8384,916.1759,883.0977,2.6815,4175.5319,3957.4468,6.9458,3.6119,1760,-3069.131,2997,1053.3472,334.549,-21.9887,1169,1828,15.6641,609.1722,444.175,27.0777,0.7531,0.5712,315.466,3.4546,1.6201,551.1495,6.0355,3.0336
m7gW5X1vc2se4BGfiIUA,,8/25/21,8:57:23,c,,,Countermovement Jump,,,901.6907,0.474,280.2668,-0.4242,5400,-5121.9993,2173,1452.8213,161.1219,2169,240.5481,1813.5065,201.1229,2211,245.206,0.443,44.929,0.235,23.8337,0.308,31.2373,0.615,0.986,128.8809,280.642,897.3375,409.5228,2.1775,-0.9402,1.7365,3.0492,3.1596,-1236.8056,-13.4559,-1570.0996,-17.082,2957.5583,32.1769,64.3554,5915.257,0.6916,1092,1077,0.6745,731.3106,721.5106,1.3116,1120,1091,1.5984,921.2468,892.2597,1.0244,2727.6596,2672.3404,1.3411,3.1474,1320,-3812.9972,4897,1110.9985,543.0909,16.5612,2854,2043,11.1761,617.5826,493.4159,20.1092,0.6237,0.4806,339.8765,3.6977,1.4022,557.461,6.0649,3.0533
dWlvDbsLurvTQ4hWT4yX,,8/25/21,12:46:52,cc,,,Countermovement Jump,,,791.5846,0.4724,245.6664,-0.4153,2132.6531,-3921.728,1629,970.2245,122.5674,1618,204.4001,1678.9748,212.103,1937,244.6991,0.388,36.673,0.392,37.051,0.278,26.276,0.652,1.058,69.6129,246.6541,845.0455,316.267,3.5432,-0.6231,1.7979,3.0445,3.1623,-572.1534,-7.0906,-739.5952,-9.1657,2772.5943,34.3604,61.595,4970.2027,-14.7095,690,928,-10.9542,431.9719,538.2526,-9.0346,881,1056,-6.6474,783.6835,895.2914,-16.5072,890.3061,1242.3469,-19.7294,-12.4372,860,-5421.8218,5168,1091.2814,652.8677,-23.9551,1965,3203,-28.9525,387.664,703.6174,-44.9265,0.6163,0.4465,379.1225,4.6984,0.8627,465.923,5.7741,3.0568
8rfHZU8sjma4WVrp4Tt5,,8/25/21,12:46:40,cc,,,Countermovement Jump,,,799.7097,0.4714,247.9517,-0.4011,2278.4504,-4339.6915,1740,959.5085,119.9821,1728,216.0784,1692.0108,211.5781,1949,243.7134,0.491,41.5046,0.413,34.9112,0.279,23.5841,0.643,1.183,65.5331,248.8692,866.202,314.4023,3.7976,-0.654,1.8113,3.0416,3.1592,-588.8808,-7.2238,-678.4446,-8.3224,2804.4385,34.4019,60.9591,4969.3731,-4.8611,822,906,-10.6095,428.8547,530.6538,-5.0795,925,1024,-1.8076,830.7133,861.2975,9.8831,1251.816,1026.6344,-19.186,-3.5462,1070,-5720.1417,5746,1025.9972,718.5107,0.2436,2880,2866,1.0939,518.6103,507.3869,2.1661,0.5435,0.3986,395.0135,4.8456,0.8039,471.1885,5.78,3.0529
xylqC13KghU9aisYbT6v,,8/25/21,12:46:26,cc,,,Countermovement Jump,,,800.8779,0.4572,244.4752,-0.4026,3106.25,-4455.3675,1794,1016.6031,126.9361,1785,222.8804,1714.7658,214.1108,1952,243.7325,0.509,46.357,0.32,29.1439,0.269,24.4991,0.654,1.098,68.5405,245.7252,784.381,314.2657,3.5851,-0.6609,1.7641,2.9946,3.1024,-623.0671,-7.632,-735.9842,-9.0151,2777.9454,34.0272,60.7248,4957.5043,-7.7871,823,962,-4.7606,484.1031,532.5,-5.5328,922,1030,-2.8231,833.1784,881.5874,-6.2374,1456.25,1650,-9.0622,-5.4789,890,-3537.6247,5758,1067.4584,718.961,2.7787,2959,2799,-2.3549,521.1607,546.2978,-4.5898,0.5956,0.4163,324.0205,3.9689,0.8396,460.3605,5.639,3.0099
9Ybh4UxgPDa5HjtU9wQe,,8/25/21,8:49:29,d,,,Countermovement Jump,,,1380.7528,0.2883,334.7114,-0.3777,4115.6463,-6866.3472,2593,1844.8435,133.6114,2587,187.3616,2411.6135,174.6593,2752,199.3116,0.861,58.1364,0.294,19.8515,0.326,22.0122,0.467,1.481,135.8384,336.1284,1325.272,471.9668,2.4745,-0.6619,1.462,2.3781,2.5554,-1141.0383,-8.1069,-1456.3334,-10.347,3244.4642,23.0513,43.0991,6066.1829,13.5678,1469,1118,11.4259,1027.8163,817.0272,11.8459,1539,1213,7.5695,1297.0798,1114.5337,15.3719,2374.1497,1741.4966,20.4991,14.0567,480,-20423.3923,5154,2034.9958,373.2746,7.5669,2772,2382,3.0354,1048.3833,986.6125,5.8845,0.3153,0.1946,540.399,3.8394,0.9651,784.873,5.5764,2.3881
mR574ZgRRuKmSjhHJ5Ur,,8/25/21,8:49:13,d,,,Countermovement Jump,,,1379.7237,0.2944,337.9934,-0.3879,5215.3846,-7058.5182,2737,1906.5462,138.1832,2727,197.6483,2430.7214,176.1745,2903,210.4044,0.583,50,0.26,22.2985,0.323,27.7015,0.482,1.166,136.2996,339.467,1277.386,475.7665,2.4906,-0.6649,1.5035,2.4032,2.5709,-1176.8898,-8.3678,-1548.4272,-11.0095,3336.8559,23.7254,42.8881,6031.9849,6.564,1453,1274,11.1442,1059.5077,847.0385,5.4082,1530,1373,4.0512,1264.5975,1166.1238,2.3599,2669.2308,2546.1538,20.0755,7.7799,1860,-11174.082,5020,1566.9156,363.841,-11.1952,2229,2791,-1.5582,771.25,795.6656,-3.0713,0.4134,0.2524,493.648,3.5099,0.9691,783.738,5.5725,2.4137
z0D8WY1J83Xsswt4XS5A,Max,8/25/21,8:49:00,d,,,Countermovement Jump,,,1377.3684,0.3058,343.8643,-0.4097,5158.1028,-6545.0284,2681,1956.5138,142.0472,2674,194.1383,2416.7018,175.4579,2901,210.619,0.389,39.9384,0.253,25.9754,0.332,34.0862,0.476,0.974,145.8762,345.0826,1293.9645,490.9587,2.3656,-0.6959,1.5221,2.4491,2.6135,-1262.7572,-8.9937,-1654.8739,-11.7865,3369.7839,24.0005,43.348,6086.2563,5.6096,1412,1262,5.0663,1027.8182,928.6957,7.2734,1556,1345,6.7962,1290.4729,1126.2289,10.9579,2861.6601,2296.4427,9.6526,12.7282,600,-23741.3847,6733,1888.2583,488.8307,-11.5402,2978,3755,4.1056,982.8917,905.3667,7.9084,0.4887,0.3139,492.973,3.5111,1.039,800.9915,5.7049,2.4578
JUaasNPUuvEONzF4gTDt,,8/25/21,12:15:11,dd,,,Countermovement Jump,,,897.4945,0.3764,248.6256,-0.4107,6096.9388,-5094.0662,2092,1339.9082,149.2943,2091,232.9819,1693.7229,188.7168,2092,233.0934,0.692,57.5707,0.196,16.3062,0.314,26.1231,0.554,1.202,86.1166,249.8522,791.896,335.9688,2.9013,-0.7209,1.6667,2.7176,2.843,-861.2776,-9.4141,-1031.1782,-11.2712,2575.5926,28.1523,48.2506,4414.3336,11.6212,1167,924,11.9708,750.1531,589.7551,11.6635,1168,924,5.25,891.3217,802.4013,13.6402,3464.2857,2632.6531,21.3923,9.953,480,-19291.3745,5469,1417.1417,609.3631,16.9135,3197,2272,26.7393,898.0375,519.1042,42.1745,0.4609,0.3132,261.128,2.8542,0.9413,530.768,5.8015,2.731
gBMOZQfboRThYiJRodnn,,8/25/21,12:15:02,dd,,,Countermovement Jump,,,897.4965,0.3749,248.167,-0.3782,4957.9439,-5177.6048,1958,1323.1776,147.4298,1955,217.8281,1725.7641,192.2864,1996,222.3964,0.495,49.0099,0.214,21.1881,0.301,29.802,0.554,1.01,90.5672,249.2116,800.1945,339.7788,2.7517,-0.717,1.6319,2.7126,2.8361,-858.6824,-9.3857,-1012.1895,-11.0636,2586.8154,28.2749,49.6746,4544.6259,13.1458,1106,849,9.9499,727.4159,595.7617,11.3226,1111,885,4.995,905.9834,819.7807,22.1489,3028.0374,1929.9065,18.1,9.482,840,-23938.8343,5778,1197.7667,643.7908,20.2492,3474,2304,42.4065,852.8488,344.9179,59.5645,0.5485,0.3713,281.734,3.0795,0.9899,518.4605,5.667,2.724
0Ggx3EaDClalnHFIrRGV,,8/25/21,12:14:51,dd,,,Countermovement Jump,,,894.8739,0.3772,248.1359,-0.3683,4294.3723,-5123.8655,1887,1220.3896,136.3756,1883,210.4207,1724.9767,192.762,1922,214.7789,0.629,54.2241,0.231,19.9138,0.3,25.8621,0.559,1.16,74.7,248.9677,797.056,323.6677,3.3329,-0.6239,1.6099,2.7202,2.8486,-694.1109,-7.6091,-813.0794,-8.9133,2569.6679,28.1698,51.2669,4676.5942,7.8067,1015,868,6.7376,651.3074,569.0823,8.2206,1040,882,4.0107,897.08,827.8967,15.7258,2484.8485,1809.5238,12.6394,7.694,740,-31331.231,6437,1242.7297,719.3192,19.3102,3840,2597,4.175,647.3068,595.423,8.0221,0.4819,0.3251,280.521,3.0752,0.8189,516.535,5.6625,2.7293
UbqPHi5MpXAnJfUitA4Q,,8/25/21,13:25:14,e,,,Countermovement Jump,,,1050.2342,0.4206,307.5664,-0.4054,8598.9848,-6771.236,2746,1798.8985,171.2855,2741,260.9894,2106.5358,200.5777,2772,263.9411,0.423,46.3308,0.197,21.5772,0.293,32.092,0.617,0.913,146.6406,309.1541,968.309,455.7947,2.1082,-0.9654,1.7504,2.8729,2.9873,-1539.4827,-14.38,-1911.3204,-17.8532,3351.203,31.3028,54.8437,5871.4287,-6.6034,1280,1461,-10.0081,809.4315,989.467,-5.9163,1304,1468,-3.0422,1021.2253,1085.3106,3.0697,4431.4721,4167.5127,-18.1878,-5.8867,1730,-3803.4978,5022,1239.1358,478.179,14.775,2882,2140,3.0514,638.4734,600.6624,5.9045,0.6758,0.4608,352.4865,3.2925,1.3697,615.8225,5.7523,2.8877
veBBwszEZBchQTjPGb4q,,8/25/21,13:24:57,e,,,Countermovement Jump,,,1047.7768,0.447,316.2894,-0.397,8583.3333,-7047.2353,2797,1767.4706,168.6877,2789,266.1827,2130.0444,203.2918,2842,271.241,0.458,47.9581,0.204,21.3613,0.293,30.6806,0.633,0.955,145.9478,316.7377,981.335,462.6855,2.1702,-0.9506,1.8361,2.9613,3.0851,-1492.7136,-13.9758,-1843.8746,-17.2636,3527.3718,33.0257,56.1209,5994.1094,-8.4977,1276,1513,-12.0822,776.9608,990.5098,-7.6003,1313,1529,-1.6076,1047.901,1082.1433,-1.8846,4210.7843,4372.549,-21.5649,-3.1298,1070,-4487.1075,6040,1365.1748,576.4587,-0.3974,3008,3032,-7.4084,632.0187,733.1561,-13.7826,0.6628,0.468,358.6465,3.3579,1.3665,622.6885,5.83,2.9655
YCC0Sx02zAxrxxMCzH63,,8/25/21,13:24:44,e,,,Countermovement Jump,,,1042.6887,0.3894,293.8263,-0.4402,8094.0594,-6081.7359,2677,1692.3416,162.3055,2676,256.6442,2007.7778,192.5577,2677,256.7401,0.38,42.7928,0.202,22.7477,0.306,34.4595,0.613,0.888,130.4136,295.0084,953.0225,425.422,2.2621,-0.8921,1.7558,2.7644,2.9572,-1337.2651,-12.5815,-1631.8869,-15.3534,3162.641,29.7553,54.4936,5792.0352,-3.9611,1285,1391,-7.1326,785.8168,906.5248,-3.8476,1287,1390,-4.407,959.6471,1048.1307,1.896,4123.7624,3970.297,-13.3219,-8.4442,N/A,-2281.4212,6219,1232.3911,596.4388,-7.1233,2888,3331,-3.5451,594.3507,638.0405,N/A,0.6903,0.4386,339.994,3.1988,1.227,613.0285,5.7676,2.7755
XqU1Ix7BJMOVztKoXNvj,,8/25/21,12:44:27,ee,,,Countermovement Jump,,,804.955,0.3721,221.6685,-0.3447,1763.9752,-3978.5504,1372,1040.7484,129.2928,1370,170.1959,1538.0396,191.0715,1887,234.4231,0.418,40.0767,0.322,30.8725,0.303,29.0508,0.573,1.043,75.6435,222.2261,799.3565,297.8696,2.9378,-0.5929,1.4645,2.7015,2.8284,-586.5598,-7.1484,-826.7053,-10.0751,2170.5503,26.4525,55.5001,4554.0327,-3.0657,664,706,-3.1765,503.8447,536.9037,-3.6566,909,978,-4.1135,737.3861,800.6535,-14.7887,751.5528,1012.4224,-6.1768,-7.9113,N/A,-4246.101,5253,920.7762,652.5831,-11.6314,2321,2932,-14.8211,392.1533,528.6229,N/A,0.5494,0.3566,334.034,4.0709,0.9219,465.3225,5.6709,2.7083
TIfKDCY5i16NT8YUfWFq,,8/25/21,12:44:15,ee,,,Countermovement Jump,,,805.009,0.3945,228.2694,-0.3823,1970.4918,-3680.3116,1407,1069.318,132.8331,1405,174.5322,1572.7617,195.3719,1865,231.6744,0.347,36.5263,0.305,32.1053,0.298,31.3684,0.596,0.95,80.3138,228.8788,793.003,309.1926,2.8498,-0.6557,1.5189,2.7817,2.9026,-658.0952,-8.0197,-913.6531,-11.134,2291.8935,27.9295,57.2272,4696.0663,-1.0676,695,710,-7.3232,495.5049,573.8131,-0.3753,929,936,0.1112,787.255,785.5067,2.1631,1006.5574,963.9344,-13.6787,0.2201,N/A,-2784.2251,5169,924.8407,642.1046,-9.0733,2350,2819,9.46,506.1655,418.6752,N/A,0.6274,0.4152,325.0365,3.961,0.9787,467.9665,5.7027,2.7892
wHZAWuAh906nMB53Ryfi,,8/25/21,12:44:06,ee,,,Countermovement Jump,,,802.7728,0.3828,224.2873,-0.3421,2899.5984,-4453.6889,1524,1140.3253,142.0483,1520,189.3437,1611.7194,200.7691,1927,240.043,0.305,36.6587,0.249,29.9279,0.278,33.4135,0.568,0.832,83.6924,224.9149,730.063,308.6073,2.6874,-0.6747,1.5335,2.7408,2.8727,-715.7952,-8.7471,-987.137,-12.063,2340.5341,28.6017,57.9226,4739.9242,-1.1842,751,769,6.2383,605.7309,534.5944,-0.1557,962,965,0.5575,810.3525,801.3669,-21.3296,1140.5622,1759.0361,11.7523,1.1041,N/A,-4069.8347,4186,938.463,521.4427,0.5256,2104,2082,13.402,532.1177,406.3453,N/A,0.6827,0.4602,282.78,3.4556,1.0227,447.283,5.4659,2.7485
mpGGgPG9DazBZWmbXiiZ,Jonna,8/25/21,12:02:44,f,,,Countermovement Jump,,,1135.2973,0.4211,332.6747,-0.4216,5948.5981,-5703.1903,2405,1805.2056,159.0073,2404,211.7507,2197.2006,193.5353,2481,218.5331,0.407,43.5294,0.214,22.8877,0.314,33.5829,0.577,0.935,142.7277,333.3494,1073.2435,476.0771,2.3356,-0.8348,1.6176,2.8746,2.9746,-1363.8776,-11.7851,-1709.852,-14.7747,3364.4281,29.0717,55.6203,6436.8551,-0.1664,1200,1204,3.8026,936.9252,868.2804,2.5393,1272,1209,3.6371,1138.5573,1058.6433,-10.9191,2649.5327,3299.0654,7.3272,7.0316,970,-7724.0918,5313,1470.2567,467.9831,11.8012,2970,2343,8.6431,798.666,671.5907,15.9209,0.6171,0.4505,384.546,3.3228,1.2333,688.6975,5.951,2.8804
uuoHmHhaXgPqjLa1FPUN,,8/25/21,12:02:31,f,,,Countermovement Jump,,,1139.8048,0.4158,331.8986,-0.427,4620.2532,-5235.1115,2235,1708.9072,149.9298,2231,195.7353,2177.3146,191.0252,2529,221.8801,0.479,46.1909,0.237,22.8544,0.321,30.9547,0.587,1.037,134.3316,333.044,1101.107,467.3755,2.4793,-0.7914,1.5936,2.8566,2.9659,-1235.2084,-10.6311,-1624.5536,-13.9821,3298.1259,28.3861,56.5222,6567.21,10.0852,1228,1003,7.4662,918.2489,790.6582,1.3839,1282,1247,2.6321,1117.3115,1060.0031,7.5799,2485.2321,2135.0211,13.8702,5.1156,870,-6284.504,6202,1508.6161,544.1283,-19.5421,2495,3707,-4.7255,718.6632,789.9529,-9.0774,0.5661,0.4011,403.3255,3.4713,1.1562,697.7815,6.0056,2.8664
fH0hrhEoC1sRLnh5ci9W,,8/25/21,12:02:22,f,,,Countermovement Jump,,,1136.8889,0.4343,338.3261,-0.4153,2654.5455,-4494.5318,1867,1498.7491,131.829,1864,163.9562,2152.2545,189.3109,2558,225,0.61,50.041,0.275,22.5595,0.334,27.3995,0.589,1.219,99.1479,339.3075,1128.547,438.4554,3.4222,-0.5629,1.5052,2.9194,3.0082,-796.1254,-6.8696,-1082.6184,-9.3417,3194.7381,27.5668,57.8574,6705.1469,9.0129,1016,848,7.701,807.0836,691.6655,2.2674,1308,1250,2.1636,1099.4102,1052.8443,8.2192,1436.3636,1218.1818,14.2914,4.2199,920,-7507.4141,6049,1489.2359,532.0661,-0.3472,3014,3035,-12.0618,654.8033,834.4326,-21.5317,0.4832,0.3563,410.6555,3.5435,0.8555,717.8915,6.1946,2.9278
HNgimdUe6K41Pnx6KO7u,,8/25/21,10:28:17,ff,,,Countermovement Jump,,,1285.4995,0.3109,323.6644,-0.3406,8134.715,-8380.2207,2854,2088.601,162.4739,2853,221.9371,2374.5184,184.7156,2854,222.0149,0.363,42.4561,0.193,22.5731,0.299,34.9708,0.488,0.855,154.2156,325.4596,1109.57,479.6752,2.1104,-0.8125,1.5018,2.47,2.5911,-1527.47,-11.6565,-1932.4211,-14.7468,3272.6244,24.9743,43.637,5718.1822,-5.503,1348,1505,-2.3617,1019.6373,1068.9637,-5.5361,1348,1506,-3.0625,1150.8997,1223.6187,-13.121,3533.6788,4601.0363,-4.6117,-5.932,1130,-10482.2659,3830,1567.0637,297.9387,-1.0966,1894,1936,-0.4686,779.8602,787.2035,-0.9343,0.5708,0.3637,401.0315,3.0604,1.1769,708.5385,5.4071,2.4837
8zyb35U7hr1KxgPXrgJn,,8/25/21,10:28:07,ff,,,Countermovement Jump,,,1288.8148,0.2672,300.7347,-0.2456,11623.3766,-12534.3139,3078,2239.6234,173.7739,3070,238.2033,2594.5455,201.3125,3190,247.5142,0.352,47.7612,0.154,20.8955,0.231,31.3433,0.485,0.737,145.5343,301.3581,940.5085,446.8924,2.0707,-0.7333,1.4874,2.2891,2.4216,-1476.7258,-11.2403,-1957.0896,-14.8967,3413.4038,25.9816,42.9788,5646.4586,-1.0423,1519,1551,-0.2627,1116.8701,1122.7532,-1.5674,1570,1620,-1.9038,1272.5758,1321.9697,-1.1173,5746.7532,5876.6234,-0.5145,-3.7358,850,-14565.4461,7168,1670.9553,556.1699,-14.202,3075,4093,-3.1718,808.9776,861.9776,-6.1604,0.6581,0.3624,342.723,2.6087,1.1078,597.7855,4.5501,2.2938
UeCnAlNLwRhFyIddhQVm,,8/25/21,10:27:55,ff,,,Countermovement Jump,,,1287.7718,0.2423,286.2554,-0.3073,11267.0807,-10101.3451,3104,2309.9006,179.3719,3104,241.0365,2347.8529,182.319,3104,241.0365,0.339,43.9119,0.161,20.8549,0.272,35.2332,0.452,0.772,163.654,288.0613,1006.745,451.7154,1.7602,-0.8476,1.4795,2.1806,2.3529,-1743.5161,-13.2818,-2251.1645,-17.1489,3057.7306,23.2932,37.886,4973.3459,-0.5799,1543,1561,-0.7513,1146.2733,1163.6273,-0.5155,1544,1560,4.4117,1225.7169,1122.136,0.3308,5652.1739,5614.9068,-1.4898,8.4632,820,-16953.218,6618,1660.2317,513.9109,2.8105,3402,3216,-5.6344,783.3439,876.8878,-10.6581,0.5855,0.3139,369.6975,2.8163,1.2467,637.0475,4.8529,2.1944
hYAFTBLQevEHwQKnwkV3,,8/25/21,10:06:33,g ,,,Countermovement Jump,,,1111.6637,0.3424,293.7127,-0.5136,956.3636,-3186.8749,1637,1264.5455,113.7525,1631,146.717,1775.4842,159.7142,2056,184.948,0.846,45.9783,0.55,29.8913,0.444,24.1304,0.51,1.84,83.8256,295.015,1481.611,378.8406,3.5194,-0.4965,1.4372,2.5919,2.7551,-609.2511,-5.3764,-873,-7.7039,2458.2189,21.6928,45.1597,5117.4677,-1.1649,806,825,2.2099,646.2455,618.3,-3.0156,997,1059,-1.4805,874.5991,900.8851,14.8289,549.0909,407.2727,4.3486,-2.9162,710,-28162.748,4919,1485.5085,442.49,-0.183,2455,2464,2.652,762.4521,723.0563,5.1683,0.2772,0.1861,694.129,6.1254,0.7397,787.482,6.9492,2.6034
pjpOBUWY7PFcN5Vk6Aum,,8/25/21,10:06:23,g ,,,Countermovement Jump,,,1111.3854,0.3368,291.1631,-0.4757,1138.3538,-3704.2896,1762,1262.6497,113.6104,1757,158.091,1834.6906,165.0814,2092,188.2335,0.478,32.8975,0.571,39.298,0.404,27.8045,0.516,1.453,86.0488,292.4292,1459.856,378.478,3.3984,-0.5485,1.4539,2.57,2.7312,-667.8967,-5.8954,-876.9869,-7.741,2545.4473,22.4682,45.3272,5135.1622,1.309,890,867,-3.408,609.8091,652.8406,-2.6769,1018,1074,-2.0813,898.2525,936.4381,9.5385,623.4676,514.8862,-6.6022,-4.0884,1130,-22817.2037,5901,1364.092,530.9589,2.3894,3021,2880,-2.0735,667.9035,696.1885,-4.062,0.3551,0.2317,719.5385,6.3512,0.7595,740.3175,6.5347,2.5812
ZerHsKCSyUGqCKPhrlcG,,8/25/21,10:06:12,g,,,Countermovement Jump,,,1114.5275,0.332,289.9277,-0.5001,1659.5745,-3788.3416,1895,1309.7043,117.5121,1890,169.5786,1866.7519,167.4927,2086,187.1645,0.552,39.1767,0.47,33.357,0.387,27.4663,0.524,1.409,91.3451,291.2639,1335.53,382.609,3.1886,-0.6265,1.4879,2.5519,2.7104,-778.0913,-6.8487,-939.6266,-8.2705,2617.8629,23.0423,44.6183,5069.1448,-6.8783,880,1010,-8.3217,600.3574,709.3468,-1.1505,1031,1055,-2.6492,908.6486,958.1034,2.0513,846.8085,812.766,-15.3613,-5.1525,860,-9513.3349,4897,1445.7291,439.379,-5.5748,2312,2585,0.6559,727.6058,718.1233,1.2937,0.3719,0.2356,614.0585,5.4049,0.804,721.4715,6.3503,2.5637
KjhbYGY18sqmhdqcgCsC,,8/25/21,12:57:50,gg,,,Countermovement Jump,,,816.992,0.4351,243.317,-0.2959,8381.9444,-6845.2507,2026,1526.6389,186.8609,2053,251.2877,1842.2479,225.4915,2143,262.3037,0.494,56.3927,0.144,16.4384,0.238,27.1689,0.594,0.876,101.5826,243.7939,655.8335,345.3765,2.4,-0.8083,1.6551,2.9216,3.0062,-1098.2931,-13.1877,-1420.6521,-17.0584,2850.5608,34.228,63.3247,5273.7792,-3.5558,990,1063,-5.0983,724.4028,802.2361,-4.1531,1027,1116,-2.1158,901.6345,940.6134,-1.2428,4138.8889,4243.0556,-9.7237,-4.1466,490,-27269.9698,6704,1308.251,820.5711,3.6396,3474,3230,22.7378,802.8592,505.3918,37.0524,0.6781,0.4966,218.4125,2.6226,1.2197,437.421,5.2523,2.9273
WB4R7aOt0ynRB0HzTtuj,,8/25/21,12:57:39,gg,,,Countermovement Jump,,,816.7698,0.4211,239.3482,-0.2865,4936.5079,-6110.8593,1750,1302.5714,159.4784,1745,213.6465,1856.1385,227.2536,2189,268.007,0.351,45.5253,0.189,24.5136,0.231,29.9611,0.592,0.771,91.3523,240.0145,672.7765,331.3667,2.6274,-0.742,1.6313,2.8747,2.961,-875.9533,-10.5208,-1219.5906,-14.6482,2826.6589,33.9502,61.5975,5128.5407,0.0573,873,872,-4.2098,623.8677,678.7037,-2.0557,1072,1117,0.0023,928.0909,928.0476,-4.3944,2359.7884,2576.7196,-8.1366,0.004,570,-18587.7347,5676,1249.7614,694.9327,1.6913,2886,2790,13.898,711.7263,538.0351,24.4156,0.7678,0.5463,244.905,2.9415,1.0972,427.8715,5.139,2.8827
uiSbA7u8h2S5zczRyEA9,,8/25/21,11:34:49,hh,,,Countermovement Jump,,,820.2503,0.1349,135.9882,-1.637,4568.8406,-1271.1455,2081,1201.4457,146.4731,2072,252.6058,1795.3,218.8722,2296,279.9146,1.914,82.1459,0.276,11.8455,0.14,6.0086,0.573,2.33,104.5842,136.2692,580.437,240.8534,1.303,-0.9453,1.0779,1.6264,1.735,-1015.7608,-12.1483,-1222.2249,-14.6175,1678.6902,20.0767,35.2216,2945.0118,-1.6409,1019,1053,-6.0064,564.6413,636.8043,1.0453,1160,1136,-0.1385,896.4071,898.8929,-1.9826,2239.1304,2329.7101,-11.3681,-0.2705,N/A,-61.4838,5984,667.7157,729.5335,1.6377,3041,2943,22.2645,408.1895,259.5262,N/A,0.2459,0.0579,330.153,3.9486,1.2508,250.284,2.9933,1.6297
RiVPM7tbDnweUKw5F0de,,8/25/21,11:34:40,hh,,,Countermovement Jump,,,793.1692,0.3604,215.044,-0.2223,2357.1429,-5202.0621,1156,925.0584,116.6281,1151,145.1141,1734.3319,218.6585,2472,311.6611,1.141,74.8688,0.154,10.105,0.229,15.0262,0.542,1.524,20.1321,215.7279,538.0575,235.86,10.7156,-0.1832,1.3829,2.6597,2.7787,-162.0332,-2.004,-204.4232,-2.5283,2350.2031,29.0676,64.2906,5198.0937,-5.126,546,605,-1.9662,453.4351,471.6234,-0.1618,1234,1238,-1.4115,854.9258,879.4061,-14.0496,1012.987,1344.1558,-3.8376,-2.7753,1020,-6831.5929,5630,1006.5,709.8107,-5.222,2668,2962,2.8382,517.5333,488.9667,5.5235,0.3556,0.2366,141.487,1.7499,0.249,396.5705,4.9048,2.6681
ULjUlPXrK4Q6gm3hCdGx,,8/25/21,11:34:25,hh,,,Countermovement Jump,,,791.3103,0.3388,207.9543,-0.1836,897.0588,-5308.7137,975,886.299,112.004,974,123.087,1422.6758,179.7873,2294,289.8989,1.011,65.4369,0.204,13.2039,0.33,21.3592,0.502,1.545,19.286,208.6379,648.901,227.9239,10.8181,-0.1599,1.1267,2.578,2.7224,-137.9325,-1.71,-193.5233,-2.3991,1706.9058,21.1608,60.5383,4883.2367,-3.4908,470,504,-2.9994,429.8578,456.4412,-1.0462,1135,1159,-1.0989,703.5212,719.1545,-15.847,377.451,519.6078,-5.8308,-2.172,N/A,-39.3169,4962,613.8867,627.0612,-10.399,2223,2739,-2.2474,300.045,313.8417,N/A,0.3249,0.2193,179.922,2.2305,0.2391,468.979,5.814,2.5865
aXUtk8kMgfSr6SMWygrx,,8/25/21,8:27:03,ii,,,Countermovement Jump,,,780.6937,0.3762,216.1918,-0.4138,5178.5714,-4339.1028,1795,1381.3367,176.9371,1818,232.8698,1441.378,184.6279,1795,229.9237,0.844,61.6959,0.196,14.3275,0.328,23.9766,0.586,1.368,117.2177,216.5732,741.313,333.7909,1.8476,-0.9803,1.6473,2.7166,2.8477,-1210.5626,-15.2116,-1577.9648,-19.8283,2184.5341,27.4503,49.7819,3961.7135,9.0209,991,827,7.9921,745.8673,635.4694,8.6351,975,820,2.4337,738.2287,703.1494,10.7389,2867.3469,2311.2245,14.8026,4.7151,1240,-3694.4399,3288,975.1105,421.1639,-7.6642,1518,1770,-3.4483,470.7427,504.3677,-6.6709,0.4284,0.275,269.453,3.3859,1.4729,471.86,5.9293,2.7214
eO2gjNXqkOLhDQO1QI1y,,8/25/21,8:26:54,ii,,,Countermovement Jump,,,779.2773,0.3495,207.9968,-0.4882,4570.7763,-3637.2088,1776,1376.242,176.6049,1784,228.9301,1406.7447,180.5192,1777,228.0318,0.324,36.9863,0.219,25,0.333,38.0137,0.574,0.876,130.2386,208.8239,767.665,339.0625,1.6034,-1.0896,1.6107,2.6184,2.7725,-1344.647,-16.9272,-1738.7245,-21.8881,2075.8888,26.1325,47.668,3786.604,-2.9148,866,918,-3.8325,661.7489,714.4932,-0.8441,881,896,0.105,704.1111,702.6336,-3.0969,2214.6119,2356.1644,-7.4098,0.2013,1280,-2538.1242,2724,964.3563,349.5547,69.4567,2308,416,13.9714,549.5453,414.8109,24.536,0.6553,0.3989,300.121,3.7781,1.6395,467.544,5.8857,2.6288
DdrAtX9YxeUIn5xGP0sE,,8/25/21,8:26:43,ii,,,Countermovement Jump,,,780.6166,0.3833,218.1961,-0.4305,3539.6825,-3880.2557,1671,1198.6071,153.5462,1670,213.9334,1407.3754,180.2902,1672,214.1897,0.735,55.015,0.252,18.8623,0.349,26.1228,0.602,1.336,104.8897,218.6694,791.1485,323.5591,2.0848,-0.8942,1.604,2.7421,2.8579,-975.5012,-12.2591,-1208.1512,-15.1828,2112.2667,26.5448,49.7365,3957.7074,9.3413,913,757,6.2834,636.9603,561.6468,9.2105,913,759,0.5868,707.8166,699.5587,0.6726,1781.746,1757.9365,11.7794,1.1328,1080,-3406.2085,4317,1010.6454,553.0244,-6.4165,2020,2297,-3.16,489.3546,521.2907,-6.1253,0.4506,0.2868,300.8245,3.7805,1.3181,490.324,6.1619,2.748
Uota7ON7RkGAW6MAJdJY,,8/25/21,12:56:41,jj,,,Countermovement Jump,,,816.7768,0.4219,239.513,-0.2837,4643.5644,-6180.7366,1754,1225.2129,150.0058,1749,214.1344,1866.3057,228.4964,2219,271.6777,0.307,41.5989,0.202,27.3713,0.229,31.0298,0.59,0.738,82.0384,240.2634,672.699,322.3018,2.9287,-0.6979,1.6074,2.8767,2.961,-774.5029,-9.3023,-984.7483,-11.8274,2822.3117,33.8977,62.7342,5223.2272,-2.4585,853,896,-16.1706,513.5446,711.6683,-1.4872,1093,1126,0.029,933.4236,932.8821,2.1322,2371.2871,2272.2772,-27.9331,0.0663,N/A,-381.5196,3862,863.8276,472.8342,-30.6577,1339,2523,-32.9428,289.6295,574.1981,N/A,0.7995,0.5715,246.2105,2.9571,0.9853,426.4885,5.1224,2.8857
jYkbZFE6tETKUt2fLrYM,,8/25/21,12:51:20,jj,,,Countermovement Jump,,,971.6667,0.4374,290.1988,-0.302,8329.1925,-7652.3408,2310,1743.9814,179.4835,2307,237.4271,2091.5731,215.2562,2368,243.705,0.374,47.044,0.161,20.2516,0.26,32.7044,0.597,0.795,123.6763,290.9728,821.7775,414.6492,2.3527,-0.8176,1.6901,2.9299,3.0336,-1283.1378,-12.9546,-1711.7174,-17.2816,3282.6518,33.1418,62.1314,6154.0289,-7.8457,1063,1244,-4.9159,829.1242,914.8571,-0.5068,1178,1190,-1.4352,1030.7769,1060.7962,-8.7248,3801.2422,4527.9503,-9.3442,-2.8146,1160,-7174.3381,4786,1231.6043,492.5557,14.7096,2745,2041,6.0837,653.2655,578.3388,11.4744,0.7509,0.5503,279.143,2.8182,1.2486,542.6345,5.4785,2.9377
13AeMywKz9yeeosqOqc2,,8/25/21,12:51:11,jj,,,Countermovement Jump,,,973.5015,0.3223,249.5451,-0.0602,14909.0909,-35182.321,2120,1486.039,152.6489,2100,215.7162,2381.4607,244.6284,3146,323.1633,0.345,57.5,0.077,12.8333,0.178,29.6667,0.515,0.6,38.9029,250.5052,535.704,289.4081,6.4392,-0.2798,1.5469,2.5147,2.6304,-377.3551,-3.8026,-471.7952,-4.7543,3275.2955,33.0052,61.2154,6074.7437,-12.5714,918,1182,-8.6196,678.974,807.0649,-1.0807,1556,1590,-2.3307,1162.9775,1218.4831,-21.0801,5883.1169,9025.974,-15.8538,-4.5179,290,-13637.7289,5617,1799.0172,576.9894,2.261,2872,2745,-1.9894,881.6138,917.4034,-3.8826,0.8583,0.5372,112.889,1.1376,0.392,422.815,4.2607,2.5243
7Q42DomS94wQILyIOx9Z,,8/25/21,12:51:03,jj,,,Countermovement Jump,,,971.7858,0.3045,242.1389,-0.0785,17445.7831,-30836.4375,2423,1566.5904,161.2074,2398,246.7622,2366.0571,243.4752,3143,323.4252,0.247,48.9109,0.083,16.4356,0.175,34.6535,0.494,0.505,48.6541,243.7418,541.173,292.3958,5.0097,-0.3626,1.5855,2.4443,2.5816,-508.9364,-5.1376,-624.8442,-6.3077,3238.3599,32.6907,58.8178,5826.5351,-6.0884,1126,1272,-11.1769,695.747,870.8434,0.2864,1576,1567,2.5711,1213.4457,1152.6114,-5.663,8228.9157,9216.8675,-20.2136,5.0534,590,-17189.2953,4126,1391.7169,424.5792,-15.0751,1752,2374,-9.0456,632.9136,758.8034,-16.61,0.9782,0.603,128.3405,1.2956,0.4912,412.8325,4.1675,2.4605
7lj720Rfn0pSq8Ncjhqg,,8/25/21,8:18:29,k,,,Countermovement Jump,,,701.3844,0.3647,191.2634,-0.3073,9949.5798,-6136.0945,1886,1540.0252,219.5694,1904,271.4631,1538.7087,219.3817,1886,268.8968,0.397,53.2172,0.119,15.9517,0.23,30.8311,0.552,0.746,99.2051,192.3255,534.911,291.5306,1.9387,-0.8914,1.6871,2.6751,2.7915,-1222.0426,-17.0923,-1808.7551,-25.2984,2299.513,32.1624,53.9207,3855.1634,-1.0504,942,962,11.2674,856.7731,683.2521,1.1665,954,932,0.8175,775.6435,763.0652,-11.9932,4378.1513,5571.4286,20.3011,1.6129,750,-6182.6545,3121,965.78,444.9771,-28.0359,1123,1998,-6.8169,449.972,515.808,-12.7813,0.7399,0.4889,181.9685,2.5451,1.3875,352.9425,4.9365,2.69
VtwBT9G26c7znq25ovOZ,,8/25/21,8:18:17,k,,,Countermovement Jump,,,701.3564,0.3752,193.9515,-0.3272,8342.2819,-5937.605,1943,1330.1141,189.6488,1980,282.3101,1523.2532,217.1868,1943,277.0346,0.365,48.6019,0.149,19.8402,0.237,31.5579,0.558,0.751,93.0623,194.5034,556.8865,287.5657,2.09,-0.8935,1.7381,2.7128,2.8413,-1042.9407,-14.5878,-1300.0588,-18.1842,2333.0259,32.6325,54.0535,3864.5017,1.6162,1006,974,3.8332,690.5503,639.5638,2.5219,996,947,3.9448,791.6709,731.5823,0.4023,4187.9195,4154.3624,7.387,7.5893,1290,-4438.3423,3273,855.5721,466.6672,-7.1189,1520,1753,-1.4723,421.4876,434.0845,-2.9117,0.743,0.4995,196.863,2.7536,1.3017,360.0235,5.0357,2.7206
uqAslEz6m1sNQq5hfxRF,,8/25/21,8:18:06,k,,,Countermovement Jump,,,700.047,0.383,195.6486,-0.3096,11076.2712,-6496.5915,2011,1507.1695,215.2955,2009,286.9807,1571.5822,224.4967,2017,288.1235,0.483,58.4746,0.118,14.2857,0.225,27.2397,0.573,0.826,94.584,195.777,529.077,290.361,2.0699,-0.855,1.7716,2.7417,2.8627,-1138.3744,-15.9524,-1618.9271,-22.6866,2436.3791,34.1418,54.9581,3921.8397,2.7377,1032,977,7.1118,807.178,699.9915,3.4209,1043,974,1.2986,795.9956,775.5867,-4.3611,5296.6102,5779.661,13.29,2.5478,930,-6641.7309,3343,930.3903,477.5393,-2.9614,1622,1721,-9.9885,418.729,511.6613,-18.1588,0.6937,0.4638,176.4895,2.4732,1.3254,352.5875,4.9409,2.7435
2deW0SB7HlVUDn6lTDaK,,8/25/21,9:35:11,kk,,,Countermovement Jump,,,802.7828,0.3764,222.3889,-0.35,6548.0226,-5591.2902,1957,1496.0282,186.3553,1956,243.6525,1595.7046,198.7717,1957,243.777,0.321,41.2067,0.177,22.7214,0.281,36.0719,0.577,0.779,122.1302,222.6178,710.817,344.7481,1.8228,-0.9353,1.6328,2.7176,2.8172,-1270.8012,-15.5292,-1800.687,-22.0044,2389.9755,29.2055,51.4795,4212.7315,6.2372,1039,917,5.0133,785.5141,710.5141,5.5697,1033,924,-2.1983,780.3132,815.3915,11.9931,3666.6667,2881.3559,9.5672,-4.3375,1150,-4760.039,3215,1016.0774,400.4819,-9.2379,1459,1756,3.8021,527.3548,488.7226,7.3175,0.7407,0.4832,263.42,3.219,1.4924,447.397,5.4672,2.7204
czHfNUMxtrp3COjq62pc,,8/25/21,9:35:00,kk,,,Countermovement Jump,,,803.2442,0.3876,225.8392,-0.3297,5921.7877,-5651.4669,1864,1469.8492,182.9891,1862,231.8099,1626.1745,202.4508,1865,232.1834,0.369,44.836,0.179,21.7497,0.275,33.4143,0.586,0.823,118.7925,226.1561,708.015,344.9486,1.9038,-0.8799,1.6178,2.7582,2.8511,-1193.082,-14.5711,-1815.1466,-22.1683,2436.0033,29.7508,53.4624,4377.5079,-5.0483,884,978,1.6028,746.7039,723.1453,-5.9517,877,988,-2.8113,790.2291,835.9455,-10,2664.8045,3256.9832,3.2026,-5.4632,1130,-4189.6478,4068,1022.6699,506.4462,-2.6549,1980,2088,7.0005,547.131,475.5389,13.0953,0.712,0.4711,261.77,3.197,1.4508,446.245,5.45,2.762
UAm0rqsjNYht0qnENo44,,8/25/21,9:34:50,kk,,,Countermovement Jump,,,803.7307,0.3665,219.7106,-0.2934,4941.1765,-5872.0362,1722,1342.5936,167.0452,1722,214.2509,1665.0703,207.1677,1948,242.3697,0.325,42.3177,0.187,24.349,0.256,33.3333,0.568,0.768,100.3111,220.4282,675.1845,320.7392,2.1974,-0.7776,1.5549,2.6817,2.7831,-958.9788,-11.7049,-1361.9454,-16.6233,2404.6078,29.3496,54.3225,4450.6318,12.079,965,757,7.3061,720.3422,622.2513,-1.9507,955,993,-0.266,830.3203,834.75,13.4199,2802.139,2139.0374,13.5895,-0.5797,1020,-4895.738,3768,1037.3529,468.8137,-20.1699,1504,2264,-4.1304,497.2529,540.1,-7.9367,0.7396,0.4773,249.805,3.049,1.2244,425.3795,5.192,2.6905
42Lz0T1UklG6WZ91FR6X,,8/25/21,11:48:52,l,,,Countermovement Jump,,,1133.1512,0.3139,286.6823,-0.157,24705.2632,-22123.9877,3474,2254.8,198.9849,3441,303.6665,2942.3438,259.6603,4069,359.0871,0.278,52.1576,0.095,17.8236,0.16,30.0188,0.496,0.533,105.4058,288.8415,680.9345,394.2473,2.7403,-0.6359,1.6657,2.4819,2.601,-1259.649,-10.9051,-1655.4568,-14.3317,4119.4592,35.6633,60.2037,6954.1136,1.8309,1752,1689,-0.4696,1122.1053,1132.6947,-0.0737,2033,2036,0.3061,1475.675,1466.6688,9.9276,13578.9474,11126.3158,-0.8926,0.5895,890,-438693.628,8913,1444.8551,786.5676,-7.1917,4136,4777,-23.3867,553.4753,891.3798,-37.9211,0.9306,0.589,211.922,1.8347,0.9125,469.0125,4.0604,2.5006
wMIvBuHrVeBsrkLRk5Of,,8/25/21,11:48:44,l,,,Countermovement Jump,,,1132.7688,0.3096,284.5805,-0.1742,25711.1111,-19777.6687,3448,2372.9778,209.4847,3431,302.8862,2860.1867,252.4952,3879,342.4353,0.407,61.3876,0.09,13.5747,0.166,25.0377,0.495,0.663,110.4691,286.1427,684.335,396.6117,2.5903,-0.6522,1.6574,2.4645,2.5971,-1355.4827,-11.7387,-1808.8265,-15.6648,3998.1405,34.6247,59.8186,6907.3063,-6.4413,1605,1826,-7.0694,1102.6111,1270.3667,-1.2632,1915,1964,-0.5461,1422.2831,1437.9036,-4.2351,12311.1111,13400,-13.1986,-1.0571,920,-63006.5822,9132,1429.2924,806.1663,-2.6719,4444,4688,-18.1287,585.0902,844.2022,-30.6964,0.7466,0.4669,211.2855,1.8298,0.9567,473.0495,4.0967,2.4781
lIjSJkr1SmhQBTOMcy6U,,8/25/21,11:48:35,l,,,Countermovement Jump,,,1132.4364,0.3487,301.9859,-0.2121,21563.8298,-14903.4838,3163,2278.7128,201.2221,3160,279.0444,2705.0933,238.8737,3402,300.4142,0.576,66.7439,0.094,10.8922,0.193,22.3638,0.521,0.863,106.7344,303.0582,732.537,409.7926,2.8394,-0.6367,1.6686,2.616,2.7409,-1265.6544,-10.964,-1715.3152,-14.8593,3943.7541,34.1637,60.2128,6950.7843,3.2278,1631,1529,4.9491,1195.7447,1082.9681,1.6461,1729,1673,0.2147,1355.4508,1349.6425,1.628,10957.4468,10606.383,9.4489,0.4095,910,-3712.7217,6839,1390.0462,603.9191,-17.2979,2828,4011,-19.6434,558.4967,831.5495,-32.8453,0.6037,0.4042,212.051,1.8369,0.9246,520.486,4.5088,2.6253
q3eeYMAw4qelwUrc1Acn,,8/25/21,9:56:56,ll,,,Countermovement Jump,,,963.3223,0.4105,278.6878,-0.3993,4710.4072,-5013.7442,2002,1481.724,153.8139,1998,207.4072,1872.3994,194.3689,2139,222.0441,0.44,45.4076,0.221,22.807,0.308,31.7853,0.566,0.969,114.0506,279.944,901.6655,393.9946,2.4546,-0.7868,1.6422,2.838,2.9635,-1064.763,-10.843,-1373.4662,-13.9867,2870.3203,29.2299,55.6044,5460.2396,1.5015,1014,984,-1.0343,733.1991,748.5249,-1.8233,1050,1089,-1.0163,926.6851,945.7143,7.9731,2542.9864,2167.4208,-2.0504,-2.0089,990,-9418.1872,3440,1242.3333,357.0975,2.0349,1755,1685,-14.5396,530.8515,711.4818,-25.39,0.5841,0.4237,325.9815,3.3196,1.1614,575.684,5.8625,2.8508
iL1HnhGRp8DsmLk5QHwc,,8/25/21,9:56:44,ll,,,Countermovement Jump,,,966.2182,0.4275,285.2525,-0.38,6130.6818,-5381.3434,2045,1567.0398,162.1828,2040,211.1324,1972.2632,204.1219,2236,231.4177,0.56,54.8482,0.176,17.238,0.285,27.9138,0.589,1.021,105.2078,286.6485,835.3505,391.8563,2.7246,-0.7114,1.6651,2.8962,3.001,-1015.9827,-10.3153,-1345.3816,-13.6596,3063.0349,31.099,57.4566,5659.084,-3.1373,988,1052,-2.9105,760.7159,806.3239,-2.2361,1093,1143,-2.6182,960.3123,1011.9509,-7.3216,2840.9091,3289.7727,-5.6692,-5.0977,2610,-86.2873,4105,748.8981,424.8523,29.7442,2663,1442,-7.1002,347.8625,401.0356,-13.2609,0.5769,0.4187,274.296,2.7849,1.0682,561.0545,5.6964,2.9103
GssKFX495sx32ZrmHg6c,,8/25/21,9:56:33,ll,,,Countermovement Jump,,,966.5365,0.4181,282.231,-0.3823,5575.7576,-5412.4226,2069,1500.9798,155.2947,2063,213.4425,1964.3099,203.2318,2227,230.4103,0.474,49.5816,0.198,20.7113,0.284,29.7071,0.579,0.956,105.2723,283.2852,852.495,388.5575,2.691,-0.7493,1.6789,2.8645,2.9808,-1014.7647,-10.2995,-1295.2554,-13.1464,3050.9219,30.9658,56.9232,5608.3942,-0.1454,1030,1033,3.5102,776.8333,724.1465,-2.2901,1088,1139,-2.1507,961.0317,1003.2782,-7.0652,2590.9091,2984.8485,6.7931,-4.2059,1560,-10438.1951,4549,1147.7526,470.6496,-5.0341,2160,2389,18.9783,682.7885,464.9641,31.8866,0.6056,0.4375,295.68,3.001,1.0685,556.815,5.6515,2.8752
CJtL95QWIsGea02whixW,,8/25/21,12:38:38,m,,,Countermovement Jump,,,786.7147,0.3884,221.3592,-0.3564,7175.4386,-5645.76,2012,1424.2281,181.0349,2012,255.7471,1587.3249,201.7663,2015,256.1284,0.321,41.7425,0.171,22.2367,0.277,36.0208,0.573,0.769,108.403,221.5272,680.805,329.9302,2.0436,-0.9203,1.6902,2.7603,2.8532,-1157.5648,-14.4343,-1474.4834,-18.3862,2436.4468,30.3815,51.2619,4110.9609,-2.7833,978,1034,-4.9342,676.9766,747.2515,-4.1191,966,1049,-2.9842,769.9783,817.3466,0.5705,3608.1871,3567.2515,-9.4093,-5.7989,780,-6522.0317,5069,1079.0244,644.3251,12.9217,2862,2207,-9.9191,485.9974,593.0269,-18.0319,0.7451,0.505,242.1445,3.0194,1.3517,438.6605,5.4699,2.7624
BtSal77iTzynvWCJfoYG,,8/25/21,12:38:19,m,,,Countermovement Jump,,,785.3183,0.3823,219.2541,-0.3833,6613.7566,-5318.272,2038,1382.1534,175.9991,2037,259.3853,1559.9965,198.6451,2040,259.7673,0.289,37.9265,0.189,24.8031,0.284,37.2703,0.574,0.762,112.1747,219.7619,701.8215,331.9366,1.9591,-0.977,1.6957,2.7389,2.8467,-1190.4785,-14.8712,-1497.2913,-18.7038,2392.6234,29.8881,50.5526,4046.8753,-3.6819,981,1056,0.5968,695.2011,686.9524,-3.5294,984,1056,-2.735,758.6655,801.331,-11.36,2931.2169,3682.5397,1.1956,-5.3103,870,-5885.3715,3858,1054.5241,491.2658,7.5687,2075,1783,-31.9067,359.0299,695.4943,-48.3775,0.7533,0.5018,259.8145,3.2455,1.4013,442.007,5.5214,2.7452
RyB8nRXInmVDBM8Evkgj,,8/25/21,10:09:23,mm,,,Countermovement Jump,,,1281.2082,0.3526,343.5308,-0.3503,8067.7083,-8079.125,2829,2069.7448,161.5463,2829,220.8072,2477.25,193.3526,2834,221.1975,0.394,45.0801,0.192,21.968,0.288,32.9519,0.522,0.874,150.6257,344.3117,1107.355,494.9375,2.2859,-0.7713,1.5964,2.6304,2.7577,-1446.9624,-11.0792,-1930.9812,-14.7852,3619.965,27.7175,48.0903,6280.6991,1.1665,1431,1398,6.7614,1104.8438,964.901,0.988,1431,1403,-0.3613,1234.1493,1243.1007,-10.0065,3630.2083,4437.5,12.6793,-0.7217,650,-29118.9339,5668,1795.2,442.3949,-11.7502,2501,3167,-21.4353,705.1969,1090.0031,-35.2797,0.5973,0.4035,395.3365,3.027,1.1533,712.0185,5.4518,2.6363
8Ettq4xEUNqSzEingV13,,8/25/21,10:09:14,mm,,,Countermovement Jump,,,1283.7898,0.3165,326.1495,-0.3277,5222.6891,-7706.8318,2525,1773.7815,138.1676,2514,195.8265,2402.9897,187.1794,2748,214.0537,0.62,53.913,0.238,20.6957,0.292,25.3913,0.505,1.15,116.0038,326.8072,1120.652,442.811,2.8172,-0.6228,1.5058,2.4923,2.6265,-1017.9555,-7.7786,-1245.4547,-9.5171,3330.3402,25.4486,44.6974,5849.3467,5.0915,1321,1193,11.4246,988.2143,785.5672,4.0757,1430,1318,3.4114,1242.4829,1160.5068,-2.0113,2558.8235,2663.8655,20.5355,6.6009,620,-25085.1004,6095,1809.0387,474.7662,-9.2043,2767,3328,-17.9828,741.8613,1067.1774,-30.4757,0.4391,0.2753,420.262,3.2114,0.8864,700.39,5.352,2.4973
Tw9hdi4wSHxga7JWjxkk,,8/25/21,10:09:01,mm,,,Countermovement Jump,,,1283.043,0.3223,328.9525,-0.3482,5288.3721,-6951.3036,2421,1846.0419,143.88,2417,188.3803,2353.6753,183.4448,2671,208.177,0.662,55.865,0.215,18.1435,0.308,25.9916,0.506,1.185,120.4773,329.8078,1118.7505,450.2851,2.7375,-0.636,1.5068,2.5151,2.6666,-1077.3057,-8.237,-1342.9643,-10.2682,3281.5955,25.0907,45.5067,5951.7863,4.1787,1259,1158,6.875,986.4791,859.5628,0.4118,1341,1330,-3.1057,1140.289,1213.3864,-15.2155,2241.8605,3046.5116,12.8393,-6.037,910,-24403.9323,6312,1646.156,491.9554,-29.7529,2217,4095,-6.4979,769.5956,876.5604,-12.2178,0.427,0.2721,395.0485,3.0205,0.9212,723.702,5.5333,2.5217
c55ooFsUfgNoo5yLxdTX,,8/25/21,9:54:59,n,,,Countermovement Jump,,,840.5766,0.4077,242.3071,-0.3838,8371.0692,-5663.0287,2173,1563.1635,185.9633,2186,260.0596,1771.3487,210.7302,2173,258.513,0.427,50.4132,0.159,18.7721,0.261,30.8146,0.576,0.847,114.2229,242.6691,708.253,356.892,2.1245,-0.9109,1.7016,2.8279,2.9337,-1251.8787,-14.6101,-1615.5949,-18.8549,2747.4942,32.0648,55.7959,4780.9102,-2.5618,1065,1121,-4.526,746.2075,816.956,-3.1753,1052,1121,-1.0547,876.3333,895.0153,6.3862,4452.8302,3918.239,-8.6284,-2.0795,980,-3796.5183,3720,1082.7908,442.5534,13.871,2118,1602,-6.642,505.4357,577.3551,-12.4468,0.68,0.4812,247.034,2.883,1.333,461.219,5.3827,2.8321
SMLFP9Cv9uzZ1oaC3QyH,,8/25/21,9:54:49,n,,,Countermovement Jump,,,841.3123,0.3807,234.3901,-0.3205,8431.3725,-6640.1114,2129,1535.6536,182.5307,2127,252.8193,1826.8536,217.1433,2146,255.0777,0.343,46.6667,0.153,20.8163,0.239,32.517,0.56,0.735,105.5925,235.3077,669.012,340.9002,2.2284,-0.8486,1.672,2.7331,2.8548,-1149.9364,-13.4087,-1552.206,-18.0993,2751.6103,32.0848,56.2726,4825.9776,-6.9111,990,1137,-11.0442,683.0261,852.6275,-4.8462,1021,1125,-0.1054,912.4644,914.3891,-1.3953,4156.8627,4274.5098,-19.9102,-0.184,1030,-4232.3775,2378,1069.9495,282.6537,19.9327,1426,952,6.8476,571.6078,498.3417,12.8325,0.7619,0.518,233.472,2.7224,1.2312,435.54,5.0786,2.7438
pIKGq4Kp9oVIQOp7RHVk,,8/25/21,9:54:40,n,,,Countermovement Jump,,,841.7087,0.3744,232.5927,-0.2751,8133.8028,-7270.574,2001,1510.2042,179.4212,1996,237.1367,1936.2019,230.0323,2322,275.8674,0.393,52.5401,0.142,18.984,0.213,28.4759,0.552,0.748,94.3471,232.9483,624.4185,327.2953,2.4691,-0.7186,1.6203,2.7108,2.8098,-975.6113,-11.3706,-1321.7204,-15.4045,2849.1318,33.2062,58.9412,5057.2216,1.503,1013,983,-5.1084,716.5282,793.6761,0.7752,1170,1152,1.9793,987.2629,948.939,12.381,4570.4225,3563.3803,-9.748,3.884,970,-4173.4875,3061,1080.4052,363.665,10.6828,1694,1367,-3.2681,522.5485,557.8567,-6.3344,0.738,0.5007,213.028,2.4828,1.0996,411.3905,4.7947,2.715
1Ax0GsHC8xTiiSadxdwp,,8/25/21,12:24:56,nn,,,Countermovement Jump,,,955.6707,0.4044,274.3705,-0.3056,15605.2632,-8962.0325,2739,2264.0965,236.9118,2811,294.139,2103.4108,220.0979,2739,286.605,0.356,50.0703,0.114,16.0338,0.241,33.8959,0.576,0.711,148.2622,276.179,761.793,424.4413,1.8628,-0.9672,1.7186,2.8164,2.9357,-1949.6994,-20.0137,-2815.1286,-28.8974,3251.0477,33.3721,59.3815,5784.8231,1.3874,1425,1386,-0.0213,1131.807,1132.2895,2.008,1397,1342,2.3593,1076.5187,1026.8921,4.778,8175.4386,7429.8246,-0.0523,4.6094,2020,-7511.7478,5348,1091.6426,559.607,-71.8025,754,4594,-22.0522,425.4559,666.1866,-36.1413,0.8101,0.5686,256.253,2.6304,1.5219,505.54,5.1894,2.835
rYLlsx3ZWV1SgRGl8N4b,,8/25/21,12:24:48,nn,,,Countermovement Jump,,,954.8739,0.4145,277.5855,-0.304,11636.3636,-8198.2615,2492,2038.0758,213.4393,2521,264.0139,2077.1331,217.5296,2492,260.9769,0.44,53.6585,0.132,16.0976,0.248,30.2439,0.591,0.82,142.2125,278.0107,781.1655,420.2232,1.9549,-0.9168,1.7244,2.8518,2.9649,-1673.993,-17.1979,-2341.6071,-24.0568,3247.9537,33.3682,58.6513,5708.931,2.975,1298,1223,-3.0257,988.2045,1049.8712,4.1734,1298,1194,4.2469,1082.6734,994.4597,15.4948,6719.697,4916.6667,-5.9007,8.1529,840,-39555.6017,7922,1302.7571,829.6384,-18.8841,3213,4709,-15.0757,553.1786,749.5786,-26.1986,0.7207,0.5055,267.301,2.7461,1.461,513.8645,5.2792,2.8562
lbq6V7zxriVB3BU3qceI,,8/25/21,12:24:38,nn,,,Countermovement Jump,,,954.3974,0.4323,283.3811,-0.3391,10250,-7403.9746,2511,1871.0132,196.0413,2517,263.7266,2025.7472,212.2541,2511,263.098,0.431,50.8255,0.152,17.9245,0.265,31.25,0.602,0.848,138.548,283.5941,818.217,422.1421,2.0469,-0.9499,1.7675,2.9128,3.0384,-1563.4305,-16.0701,-2090.0258,-21.4828,3249.5357,33.4011,59.8208,5819.8592,-2.2646,1230,1287,-7.356,866.6908,1004.3224,-1.4735,1237,1274,0.2342,1015.2453,1010.5019,-2.0539,5019.7368,5230.2632,-13.7692,0.4798,1740,-20294.7305,7001,1130.4483,733.5519,-17.9546,2872,4129,-15.8972,475.3695,655.0787,-27.449,0.7099,0.5099,282.662,2.9054,1.4241,535.555,5.5048,2.915
TjLyL0KHqlyk8hctNw1f,,8/25/21,11:51:10,o,,,Countermovement Jump,,,826.5105,0.4475,249.6868,-0.4252,4479.1667,-4470.0595,1901,1274.0333,154.1461,1898,229.6402,1666.2642,201.6023,1923,232.6649,0.577,51.7025,0.24,21.5054,0.299,26.7921,0.587,1.116,106.87,250.9454,801.6515,357.8154,2.3481,-0.9042,1.6837,2.9636,3.0416,-1037.8763,-12.3187,-1245.5051,-14.7831,2633.0682,31.2524,56.2103,4735.8195,-5.058,901,997,1.127,644.1958,629.8375,-4.6282,917,1006,0.174,834.5819,831.6823,-16.4651,1870.8333,2608.3333,2.2432,0.3668,1210,-6202.0995,4363,1012.5521,527.882,-7.724,2013,2350,-9.5621,457.8653,554.6868,-17.4535,0.526,0.4011,304.406,3.613,1.2685,497.2455,5.9019,2.9785
AFy5AsGpJuFR4zmG8ENq,,8/25/21,11:50:58,o,,,Countermovement Jump,,,825.6607,0.4605,252.9467,-0.4084,2439.3939,-4384.1531,1791,1000.4369,121.168,1783,215.9483,1684.473,204.0152,1885,228.302,0.361,34.283,0.396,37.6068,0.296,28.1102,0.6,1.053,68.733,254.1106,892.5495,322.8436,3.6971,-0.6704,1.6941,3.0054,3.0831,-627.2049,-7.4521,-727.2539,-8.6408,2686.9784,31.9251,58.3485,4910.9118,11.4975,994,789,9.8858,549.6692,450.7677,10.4509,1041,844,4.6951,881.7804,802.6926,19.0476,1452.0202,987.3737,17.9992,8.9368,2310,-6278.0122,4893,930.7675,592.6163,6.8465,2614,2279,4.3058,485.4221,445.3455,8.2489,0.5698,0.4372,394.869,4.6916,0.8166,497.6805,5.9131,3.0192
LsCnfiHHeIqAdqOiGtEY,,8/25/21,11:50:48,o,,,Countermovement Jump,,,826.96,0.4336,245.9115,-0.2852,5915.7303,-6586.7297,1879,1311.4382,158.5855,1876,226.855,1729.365,209.1232,1938,234.3523,0.508,52.9167,0.178,18.5417,0.274,28.5417,0.584,0.96,85.7131,247.1234,704.9685,332.8365,2.8831,-0.7258,1.6208,2.9172,2.994,-853.4238,-10.1239,-1068.2803,-12.6727,2653.714,31.4803,58.6826,4946.8012,3.6247,972,904,2.1231,669.6404,641.7978,1.032,979,959,1.3688,876.5182,852.8467,7.3124,3174.1573,2741.573,4.1568,2.6931,590,-10307.8103,4634,1233.1864,560.3657,-2.8054,2252,2382,-6.7883,574.7373,658.4492,-12.7061,0.6083,0.4518,232.085,2.7532,1.0168,472.8835,5.6097,2.9316
JmrTAHohMbJEN7f1Vedp,,8/25/21,9:24:08,oo,,,Countermovement Jump,,,920.3614,0.4257,271.1339,-0.3132,11941.6058,-8159.9052,2556,1886.8102,205.0075,2556,277.717,2074.3136,225.3803,2557,277.8257,0.408,52.2407,0.137,17.5416,0.236,30.2177,0.578,0.781,131.5859,271.9611,745.001,403.5469,2.0668,-0.9271,1.737,2.89,2.9976,-1542.8713,-16.4452,-2037.8359,-21.721,3264.3462,34.7942,62.4648,5860.3695,3.5994,1324,1232,8.9476,1027.8175,858.9927,3.4806,1323,1234,1.4949,1052.661,1021.6525,-5.0122,5671.5328,6270.073,16.4403,2.9236,1160,-4569.933,3358,1148.1172,364.8567,37.9988,2317,1041,1.5385,582.8905,565.2267,3.0265,0.7401,0.5451,256.755,2.7367,1.4026,488.246,5.2041,2.8988
yDZIP2YQWC7WXgx0hFuj,,8/25/21,9:23:57,oo,,,Countermovement Jump,,,920.7878,0.4262,271.3988,-0.3338,11564.2857,-7597.0489,2536,1888.4286,205.0884,2546,276.5024,2073.3755,225.1741,2536,275.4163,0.415,52.399,0.14,17.6768,0.237,29.9242,0.599,0.792,134.6625,272.7971,752.755,407.4596,2.0258,-0.9637,1.7012,2.8915,2.9842,-1599.2461,-17.0382,-2150.8884,-22.9154,3227.5,34.3855,62.0616,5825.2312,3.2993,1315,1231,2.445,967.3,921.1286,2.9968,1306,1230,2.3012,1060.5443,1012.8312,5.7443,6114.2857,5450,4.7821,4.489,950,-5213.7228,3943,1218.0263,428.2203,9.4598,2158,1785,-10.364,545.8947,672.1316,-18.7796,0.7563,0.538,262.652,2.7983,1.4347,490.103,5.2215,2.9064
S0IJvL2kW54FaLFspzw7,,8/25/21,9:23:35,oo,,,Countermovement Jump,,,920.1421,0.4473,277.8819,-0.2858,11946.9697,-8740.176,2497,1821.3636,197.9437,2501,271.8058,2146.3553,233.2634,2497,271.3711,0.435,54.717,0.132,16.6038,0.228,28.6792,0.595,0.795,118.1719,279.2277,726.8105,397.3996,2.3629,-0.8534,1.7125,2.9626,3.0587,-1368.7,-14.5923,-1794.2415,-19.1291,3387.0211,36.1104,67.2449,6307.3297,2.7589,1285,1216,4.9663,955.9091,865.4545,2.2827,1277,1220,0.7845,1081.5965,1064.7588,-1.3316,5893.9394,6053.0303,9.4751,1.541,1340,-5171.6098,3102,1126.3948,337.1218,19.1489,1848,1254,-5.8255,530.3881,596.0067,-11.0179,0.7484,0.5627,238.7105,2.545,1.2599,488.1,5.2038,2.977
l3SlNdj1TSJH8pTqf2aV,,8/25/21,10:33:42,p,,,Countermovement Jump,,,806.3734,0.3901,227.4106,-0.4409,3639.6761,-3864.9016,1704,1205.502,149.4968,1702,211.0685,1488.2866,184.5654,1721,213.4247,0.405,41.0334,0.247,25.0253,0.335,33.9412,0.566,0.987,98.1377,228.3803,794.2145,326.5179,2.3271,-0.8557,1.6373,2.7666,2.8935,-932.4199,-11.3434,-1133.0253,-13.7839,2262.5544,27.5253,51.3307,4219.3422,10.5758,941,761,10.7305,667.4291,538.0729,9.7037,944,777,6.5587,792.9493,695.3373,13.9043,2072.8745,1566.8016,19.3906,12.2929,990,-9120.8191,4718,1037.7606,585.0888,6.0195,2501,2217,-1.1753,512.7818,524.9788,-2.329,0.5735,0.3952,296.5055,3.6072,1.1939,497.709,6.0549,2.7784
zveLs7J4FKV55wHwPKgS,,8/25/21,10:33:33,p,,,Countermovement Jump,,,804.2152,0.3894,226.5567,-0.4112,2308.1967,-3664.0031,1507,1074.7607,133.6409,1504,187.0146,1495.7933,185.9942,1766,219.593,0.491,43.6444,0.305,27.1111,0.329,29.2444,0.565,1.125,82.1671,227.5624,817.9935,309.7295,2.7695,-0.739,1.5478,2.7636,2.8852,-732.3974,-8.9339,-899.2275,-10.969,2199.6244,26.8315,53.4705,4383.4665,9.7074,825,679,11.9383,601.5344,473.2262,5.0963,928,838,7.5364,804.2614,691.5319,13.9205,1314.7541,993.4426,21.3508,14.0088,790,-8068.7673,4906,1091.862,610.0357,0.4892,2465,2441,-5.9739,513.3177,578.5443,-11.2726,0.5022,0.346,326.6485,3.9845,1.0023,491.345,5.9935,2.7759
HwfAXLtWrG2JkTOae2bN,,8/25/21,10:33:21,p,,,Countermovement Jump,,,803.8509,0.3914,227.0428,-0.4473,2547.4684,-3595.8921,1608,1090.538,135.6642,1609,200.1615,1485.8922,184.8468,1713,213.0992,0.568,46.6338,0.316,25.9442,0.334,27.422,0.561,1.218,90.1915,227.7817,838.8685,317.9731,2.5255,-0.8106,1.5664,2.7708,2.8856,-811.3701,-9.9018,-967.0466,-11.8016,2204.1045,26.8984,52.4237,4295.7016,14.481,921,688,8.6109,592.2215,498.3165,4.2615,893,820,9.2861,811.9371,673.9551,30.1863,1658.2278,889.2405,15.8531,16.9788,790,-7476.0534,3839,1054.9101,477.5762,-7.4238,1777,2062,-10.5147,471.9949,582.9152,-19.0306,0.4606,0.3213,343.4045,4.1908,1.1007,495.464,6.0465,2.7798
Rd4tDZHVJYH0DQY3fB24,,8/25/21,7:49:19,pp,,,Countermovement Jump,,,701.2112,0.4023,200.8394,-0.3881,3224.5763,-3766.6448,1462,983.6992,140.2857,1457,207.7833,1382.7669,197.1969,1545,220.333,0.483,47.5862,0.236,23.2512,0.296,29.1626,0.572,1.015,66.2894,201.6962,639.6275,267.9856,3.0427,-0.6738,1.6491,2.8098,2.9311,-606.4247,-8.4839,-748.3393,-10.4693,2112.8494,29.5589,55.0034,3931.5994,-5.8339,686,771,-4.5629,469.4068,514.2924,-1.877,758,787,-2.4742,674.277,708.4899,-0.9198,1597.4576,1627.1186,-8.7025,-4.8112,1280,-11295.053,3697,861.4484,527.2306,-15.1745,1568,2129,-46.7692,229.2781,632.1703,-63.74,0.5635,0.3964,231.074,3.2327,0.9274,408.5535,5.7157,2.8217
PfNlei9ECuDZUzYyhmhd,,8/25/21,7:49:10,pp,,,Countermovement Jump,,,701.8188,0.4138,203.8335,-0.3782,4762.4309,-4135.3653,1564,1135.2983,161.7652,1562,222.5646,1414.6063,201.5629,1597,227.5516,0.472,50.2128,0.181,19.2553,0.287,30.5319,0.582,0.94,78.0296,204.4728,609.55,282.5024,2.6205,-0.7528,1.6838,2.8492,2.9612,-768.4306,-10.7411,-1008.8566,-14.1018,2196.8683,30.7078,56.0213,4007.8298,-5.6338,737,825,-12.3398,497.6022,637.6961,-4.4458,763,834,0.1266,708.1986,706.4077,4.1763,2480.663,2281.768,-21.9949,0.2706,670,-9157.0336,3589,1016.097,511.3855,15.854,2079,1510,27.1462,645.9642,370.1328,42.706,0.6191,0.4402,204.357,2.8565,1.0907,405.193,5.6638,2.8581
TxsVBHR5aqtMgeqOHW80,,8/25/21,7:48:59,pp,,,Countermovement Jump,,,701.5165,0.414,203.8144,-0.3757,4454.5455,-4084.525,1534,1066.0321,151.9611,1531,218.2415,1414.7178,201.6656,1621,231.0708,0.591,55.493,0.187,17.5587,0.287,26.9484,0.574,1.065,67.7499,204.6103,603.476,272.3602,3.0201,-0.6713,1.6969,2.8501,2.9755,-647.3483,-9.0525,-788.2175,-11.0224,2205.8042,30.8459,56.7804,4060.3835,-5.2907,725,806,-16.6834,444.0909,621.9412,-0.6786,805,816,1.3319,716.7805,697.9373,9.2437,2433.1551,2021.3904,-28.6458,2.6502,770,-9107.4387,2591,964.3727,369.3427,24.3535,1611,980,13.3096,546.3636,418.0091,23.4869,0.539,0.3888,198.232,2.7721,0.9474,405.244,5.6669,2.8613
zxGVetqEvNPaTLyhJmM0,,8/25/21,8:47:39,q,,,Countermovement Jump,,,1222.0621,0.3104,307.4326,-0.398,3911.3475,-5838.6686,2323,1675.2199,137.0814,2320,189.8431,2033.5553,166.4036,2350,192.2979,0.504,43.2247,0.282,24.1852,0.38,32.5901,0.503,1.166,127.2426,308.4115,1242.215,435.654,2.4238,-0.7107,1.4772,2.4679,2.6209,-1102.2111,-8.8479,-1383.6662,-11.1073,2807.4018,22.5362,43.3907,5405.3192,11.3793,1292,1028,13.5204,950.8582,724.3617,10.383,1297,1053,6.455,1082.4105,951.1447,13.6899,2223.4043,1687.9433,23.8371,12.1107,610,-174331.3561,8461,1755.3016,692.3544,18.9694,5033,3428,10.4437,969.3098,785.9918,18.9187,0.4314,0.2662,470.642,3.778,1.0214,771.573,6.1937,2.4757
LLMK5BeC1tGEPYgyVBOy,,8/25/21,8:47:26,q,,,Countermovement Jump,,,1228.6647,0.2878,297.6184,-0.4168,5850.8772,-6148.1042,2562,1832.2193,149.1228,2561,208.4377,2044.5422,166.4036,2564,208.6818,0.495,45.4128,0.228,20.9174,0.367,33.6697,0.519,1.09,136.9446,299.3577,1164.9005,436.3024,2.186,-0.7848,1.478,2.3763,2.5391,-1301.5904,-10.3923,-1569.5438,-12.5317,2783.359,22.2231,41.3923,5184.2242,9.0199,1396,1165,4.451,956.886,875.3333,9.0484,1398,1166,6.1298,1084.9346,959.6076,18.1409,3456.1404,2394.7368,8.5112,11.547,1390,-15427.0754,8822,1475.5288,718.0153,8.9549,4806,4016,-8.579,674.4712,801.0576,-15.7923,0.4761,0.264,415.8515,3.3203,1.0934,749.049,5.9806,2.3902
zfGjP9jEvQ8dxrOZodLq,,8/25/21,8:47:03,q,,,Countermovement Jump,,,1230.1411,0.2822,295.0918,-0.4595,7965.3465,-6180.2917,2840,1870.0545,152.0195,2838,230.7052,2016.1989,163.8998,2841,230.9491,0.608,51.2216,0.202,17.0177,0.377,31.7607,0.486,1.187,128.4581,296.1344,1134.384,424.5926,2.3053,-0.7561,1.5095,2.3533,2.5058,-1263.2269,-10.0738,-1478.7769,-11.7928,2781.7144,22.1833,39.6579,4972.967,3.876,1474,1364,8.0558,1010.3515,859.703,3.7663,1474,1367,5.1678,1060.1963,956.0027,1.9267,4059.4059,3905.9406,14.9426,9.8313,760,-14472.7773,7150,1629.4513,581.2341,-9.1469,3248,3902,11.207,906.0316,723.4197,20.1631,0.4094,0.2378,375.7165,2.9962,1.0244,758.6675,6.0501,2.3616
URaOA9JwxSVCWZhh8aPR,,8/25/21,8:00:39,qq,,,Countermovement Jump,,,689.7748,0.4028,197.6911,-0.2985,4358.6957,-4999.6057,1492,1112.0217,161.2152,1488,215.7226,1524.2731,220.9813,1832,265.5939,0.339,44.5466,0.184,24.1787,0.238,31.2746,0.563,0.761,77.2942,198.5374,565.537,275.8316,2.5686,-0.7438,1.6873,2.8116,2.9175,-749.8723,-10.6647,-937.5617,-13.334,2335.4617,33.215,58.7568,4131.3888,6.9892,796,692,9.6583,609.712,502.3098,2.2926,937,895,2.5539,781.6008,742.6723,6.2344,2315.2174,2043.4783,17.6358,4.9541,1920,-1823.778,3819,765.6557,553.659,-19.8219,1531,2288,-21.357,301.0672,464.5885,-35.1981,0.7398,0.5294,203.523,2.8945,1.0993,362.014,5.1486,2.8236
LjXs3ug1QBKwWo3nijQD,,8/25/21,8:00:30,qq,,,Countermovement Jump,,,689.6737,0.4107,199.5302,-0.2924,5744.186,-5740.5564,1678,1110.8663,161.0713,1671,242.2885,1572.2203,227.9658,1875,271.8677,0.411,50.7407,0.172,21.2346,0.227,28.0247,0.569,0.81,71.9543,200.1727,545.9275,272.1271,2.7819,-0.7179,1.7347,2.8381,2.9447,-714.9818,-10.17,-895.5411,-12.7383,2447.9385,34.8198,60.465,4250.8751,1.137,845,826,10.6794,614.75,496.1163,0.48,942,933,0.2073,787.7401,784.4802,-0.6073,2854.6512,2889.5349,19.3877,0.4025,960,-21954.8366,3694,895.4031,535.6156,-8.6627,1687,2007,-3.4132,432.4208,462.9823,-6.6059,0.7025,0.5069,189.8885,2.701,1.0235,356.039,5.0643,2.8473
2W99hNY7IqT2jDWmAxzm,,8/25/21,8:00:22,qq,,,Countermovement Jump,,,688.8699,0.3813,192.0466,-0.316,4021.0526,-4600.1866,1453,1045.9474,151.8353,1451,210.6348,1455.9402,211.352,1717,249.2488,0.408,48.0565,0.19,22.3793,0.251,29.5642,0.544,0.849,67.4636,192.4815,562.359,259.9451,2.8531,-0.6597,1.6336,2.7349,2.8576,-627.7043,-8.939,-800.7507,-11.4033,2175.3249,30.9782,56.8304,3990.6951,-2.2743,709,742,-0.0403,522.7632,523.1842,1.922,875,842,1.6821,740.2151,715.7251,-10.2094,1805.2632,2215.7895,-0.088,3.3151,940,-18252.122,3966,888.0947,575.7256,4.7907,2078,1888,11.6996,495.9989,392.0957,20.9496,0.6408,0.449,197.66,2.8148,0.9607,364.699,5.1936,2.7411
zyNL2mQ2RewIhasNj4w8,,8/25/21,12:06:50,r,,,Countermovement Jump,,,853.034,0.4991,272.0989,-0.459,9165.6442,-5121.641,2351,1654.2577,193.9263,2351,275.6045,1794.4364,210.3593,2351,275.6045,0.474,51.0776,0.163,17.5647,0.291,31.3578,0.645,0.928,129.8485,273.6096,789.0295,403.4581,2.1071,-1.0281,1.8584,3.1292,3.2314,-1491.8483,-17.1564,-1948.4634,-22.4076,3052.698,35.1064,62.7342,5455.085,5.3169,1238,1113,6.3113,879.3313,774.9264,5.3169,1238,1113,5.8648,949.8385,844.5979,5.4886,4834.3558,4331.2883,11.8846,11.0789,1090,-5561.8019,4141,1113.4376,485.4437,7.4137,2224,1917,14.3018,636.3394,477.0982,25.0234,0.695,0.5378,268.04,3.0825,1.4933,520.9895,5.9914,3.1465
4rkE4AhsgAeCLqP3i9UI,,8/25/21,12:06:40,r,,,Countermovement Jump,,,852.1922,0.5075,274.1366,-0.4641,9157.5758,-5085.035,2360,1732.6848,203.3209,2359,276.8155,1798.1031,210.9974,2360,276.9328,0.544,54.4,0.165,16.5,0.291,29.1,0.641,1,144.5295,274.9098,806.3345,419.4392,1.9021,-1.0948,1.8869,3.1557,3.2542,-1676.4285,-19.2982,-2253.4022,-25.94,3098.9109,35.6731,62.8924,5463.4442,6.401,1255,1104,4.6084,906.2667,826.4182,6.3559,1255,1105,5.1933,945.7423,852.3608,7.8756,4939.3939,4218.1818,8.7997,9.8732,1240,-4259.986,3697,1074.1411,433.8223,-27.8334,1334,2363,-2.555,523.3484,550.7927,-4.9876,0.641,0.5076,284.289,3.2726,1.6637,522.0455,6.0095,3.1646
MzpwUarD1u2oIiAYlcjV,,8/25/21,12:06:22,r,,,Countermovement Jump,,,852.7578,0.511,275.275,-0.3863,10217.6871,-6088.0758,2352,1664.4218,195.1811,2350,275.5765,1929.1634,226.2264,2353,275.9283,0.491,54.8603,0.147,16.4246,0.257,28.7151,0.64,0.895,118.5674,276.2915,737.6675,394.8589,2.3302,-0.9316,1.8714,3.1667,3.2571,-1360.2783,-15.6484,-1765.1202,-20.3057,3296.8831,37.9269,66.1839,5753.1951,8.9362,1280,1070,10.3094,918.0068,746.415,8.6273,1278,1075,6.4214,1026.5214,902.642,14.2477,5836.7347,4380.9524,18.7343,12.0587,850,-10179.7204,4601,1178.1894,539.5436,6.5855,2452,2149,1.0568,595.32,582.8694,2.0981,0.7151,0.5711,243.07,2.7962,1.364,494.5975,5.6898,3.1784
t61YM17NeWLDOfA9Pxx5,,8/25/21,11:15:53,rr,,,Countermovement Jump,,,1010.98,0.3683,276.9745,-0.3208,8377.2455,-7520.2818,2413,1880.6946,186.0269,2422,239.5695,2049.5597,202.73,2413,238.6793,0.261,37.5,0.167,23.9943,0.268,38.5057,0.589,0.696,144.5393,278.1273,860.421,422.6667,1.9242,-0.9227,1.5785,2.6876,2.8226,-1553.0509,-15.07,-2068.9024,-20.0755,2989.5476,29.0089,56.1142,5782.9092,6.7713,1293,1129,11.382,1047.3772,833.3174,5.2632,1270,1143,-2.1046,1003.2127,1046.347,1.5011,4251.497,4125.7485,20.4775,-4.1394,800,-6192.7221,5655,1409.0912,559.3583,3.6251,2930,2725,-9.9036,634.77,774.3212,-17.9936,0.8463,0.529,312.362,3.031,1.4025,548.059,5.3181,2.6988
EyBOBTbkEGpiNdLl6kie,,8/25/21,11:15:43,rr,,,Countermovement Jump,,,1012.9469,0.3597,274.3209,-0.3485,8890.3226,-6856.4903,2390,1980.3613,195.5049,2453,242.1647,1977.3462,195.2073,2390,235.9452,0.291,39.7541,0.155,21.1749,0.286,39.071,0.571,0.732,149.2582,275.6216,869.5635,424.8798,1.8466,-0.9335,1.5296,2.6567,2.777,-1657.3997,-16.0513,-2421.019,-23.4466,2828.1794,27.3898,53.5935,5533.8804,4.8512,1286,1167,5.995,1049.5419,930.8194,4.6025,1250,1140,-1.4763,974.0769,1003.2692,0.1451,4451.6129,4438.7097,11.3079,-2.9219,1040,-5482.2028,4970,1289.9163,490.6476,0.8048,2505,2465,-0.714,640.3529,649.5635,-1.4204,0.7801,0.4914,305.252,2.9562,1.4455,564.3115,5.4651,2.6693
NLFEY8NUNFoct880DSzQ,,8/25/21,11:15:33,rr,,,Countermovement Jump,,,1011.3493,0.379,281.0909,-0.2649,6398.8439,-8030.1532,2126,1674.0405,165.5254,2125,210.1153,2127.3202,210.3447,2626,259.6531,0.425,49.9412,0.173,20.329,0.253,29.7297,0.58,0.851,114.0849,282.2755,825.1725,396.3604,2.4743,-0.697,1.4968,2.7266,2.8383,-1078.1731,-10.4582,-1488.7871,-14.4411,3033.7957,29.4276,59.9283,6178.2358,12.3765,1194,931,2.4354,857.4046,816.6358,-1.4471,1294,1332,4.3544,1109.9763,1017.3439,28.4553,4109.8266,2289.0173,4.7021,8.3186,910,-6560.7369,5474,1350.7231,541.2571,-2.6672,2664,2810,-8.2434,619.689,731.0341,-15.2351,0.6816,0.4452,288.037,2.7939,1.1066,537.1355,5.2102,2.738
pifQnbTc6a95hIBddIRE,,8/25/21,11:20:33,s,,,Countermovement Jump,,,854.9269,0.4234,251.1771,-0.3663,3018.7266,-4531.2734,1660,1181.8614,138.2412,1656,193.7008,1702.4175,199.1302,1947,227.7388,0.421,42.7411,0.267,27.1066,0.297,30.1523,0.589,0.985,86.8914,251.7091,819.0695,338.6006,2.8968,-0.6678,1.6054,2.8822,2.9876,-735.0714,-8.4347,-974.3354,-11.1802,2595.2582,29.7797,58.0041,5054.9672,1.087,837,819,-6.8663,550.3558,631.5056,-0.0514,973,974,2.5755,873.1313,829.2862,15.6328,1745.3184,1273.4082,-12.8737,5.012,1220,-4660.0268,4540,1064.7475,531.0395,9.2511,2480,2060,-3.5093,513.691,551.0566,-6.7821,0.598,0.4298,314.302,3.6065,0.9971,504.7675,5.792,2.8883
wk2opTdb5jsQMhmB2wXA,,8/25/21,11:20:23,s,,,Countermovement Jump,,,856.7768,0.4366,255.6349,-0.3642,3075,-4716.0869,1718,1186.5536,138.4904,1712,199.8187,1750.0209,204.2563,1990,232.2659,0.321,36.1486,0.28,31.5315,0.287,32.3198,0.6,0.888,91.9098,256.3328,832.3215,348.2426,2.789,-0.7146,1.62,2.927,3.0208,-787.7491,-9.0196,-1027.5427,-11.7653,2695.8399,30.8671,59.4667,5193.6456,-4.6729,816,896,-3.865,570.3464,616.2071,-2.4121,971,1019,-4.025,839.7909,910.23,-1.7422,1510.7143,1564.2857,-7.4296,-7.7274,1090,-4942.955,4900,1091.0853,571.9109,-6.0408,2302,2598,-1.4112,537.844,553.2413,-2.7746,0.6757,0.4917,330.9505,3.7893,1.0524,501.371,5.7406,2.935
obfQfHtdE3IlYDRr0pxy,,8/25/21,11:20:13,s,,,Countermovement Jump,,,854.7107,0.4564,260.7515,-0.3287,5210.2273,-5390.3394,1772,1229.4318,143.8419,1767,206.7366,1836.1648,214.8288,2087,244.1762,0.65,59.4694,0.176,16.1025,0.267,24.4282,0.608,1.093,65.4946,261.9985,704.4205,327.4931,4.0003,-0.5503,1.6834,2.9928,3.0902,-615.9242,-7.0693,-739.0413,-8.4824,2904.8498,33.3406,62.6785,5460.9528,1.7544,899,868,-0.3873,612.3352,617.0966,-1.4854,1028,1059,1.1826,928.9401,907.2247,8.1788,2818.1818,2392.0455,-0.7707,2.3202,1370,-5347.6364,4803,1047.4547,561.9445,6.8915,2567,2236,28.5573,673.2898,374.165,44.4328,0.5563,0.4177,215.069,2.4685,0.7517,489.3515,5.6166,3.0071